数据集,来源文献,物种,组织,分组,样本数,细胞数,已有本地路径,Spliced,Unspliced,原始测序文件,GRN,候选细胞群,速度 QC,准入状态,下一步,真实时间点,基因数,counts来源,symbol唯一数,证据路径,输入SHA256,读取范围
zenodo.19697597,Inflammatory myofibroblasts reprogram neutrophil fate to drive chronic inflammation in peri-implantitis.; DOI 10.1038/s41368-026-00447-2,Homo sapiens,人种植体周围黏膜,Peri-implantitis,8 libraries / 7 donors (D6: IGT6+IGT8),38648,C:\Users\13683\Desktop\scriptsR\reproductions\lin_2026_peri_implantitis\results\phase4a\phase4a_preliminary_integrated.h5ad,ABSENT (actual HDF5 layer read),ABSENT (actual HDF5 layer read),No local BAM/FASTQ in audited data roots; processed counts ≠ raw reads,human CollecTRI symbol overlap: 40877 edges; JUND=105; no RegVelo prior validation,Fibroblast 2996; Macrophage 1410; Endothelial 3037; provisional curated-v2,"NOT_RUN; no splice layers, direction/terminal-state/depth/batch QC unavailable",NOT_READY,优先取得可匹配8库的原始reads/BAM；源8个filtered H5只有gene总counts。恢复gene ID并选谱系内连续状态；健康来源与PI来源混杂，联合UMAP不可直接用于速度。,NO longitudinal time; not reported,21934,layers/counts; complete stored values finite nonnegative integers; X is normalized noninteger,21934,C:\Users\13683\Documents\Codex\2026-10-07\files-pasted-by-the-user-project\outputs\oral-scrna-atlas\datasets\zenodo.19697597\metadata.yaml; C:\Users\13683\Documents\Codex\2026-10-10\files-pasted-by-the-user-codex\work\peri_audit\h5ad_layer_evidence.json,c96701c4e0d079b8e9c08b8fbcd754910040367399f6884300852b8ea72e9f0a,h5py read-only full stored-values scan; Lin annotation overlay exactly cell-ID aligned
GSE164241,Human oral mucosa cell atlas reveals a stromal-neutrophil axis regulating tissue immunity.; DOI 10.1016/j.cell.2021.05.013,Homo sapiens,人健康牙龈（仅本地13文库）,Healthy gingiva only,13 healthy libraries / 13 donors (local Lin view only),53464,C:\Users\13683\Desktop\scriptsR\reproductions\lin_2026_peri_implantitis\results\phase4a\phase4a_preliminary_integrated.h5ad,ABSENT (actual HDF5 layer read),ABSENT (actual HDF5 layer read),No local BAM/FASTQ in audited data roots; processed counts ≠ raw reads,human CollecTRI symbol overlap: 40877 edges; JUND=105; no RegVelo prior validation,Fibroblast 12943; Endothelial 16522; Macrophage 7; Neutrophil 40,"NOT_RUN; no splice layers, direction/terminal-state/depth/batch QC unavailable",NOT_READY,只作13健康文库参考；不等于整个GSE164241。取得原始reads并独立计数、同谱系QC；不要与PI跨研究分组强制解释为疾病时间。,NO longitudinal time; not reported,21934,layers/counts; complete stored values finite nonnegative integers; X is normalized noninteger,21934,C:\Users\13683\Documents\Codex\2026-10-07\files-pasted-by-the-user-project\outputs\oral-scrna-atlas\datasets\GSE164241\metadata.yaml; C:\Users\13683\Documents\Codex\2026-10-10\files-pasted-by-the-user-codex\work\peri_audit\h5ad_layer_evidence.json,c96701c4e0d079b8e9c08b8fbcd754910040367399f6884300852b8ea72e9f0a,h5py read-only full stored-values scan; Lin annotation overlay exactly cell-ID aligned
GSE310110,CD38⁺ endothelial remodeling marks spatially patterned vasculopathy in rapidly advancing periodontitis and peri-implantitis.; DOI 10.1038/s41467-026-72452-2,Homo sapiens,种植体周围黏膜活检,Peri-implantitis,3 libraries / 3 title-derived biopsy IDs; clinical mapping not released,13977,C:\Users\13683\Documents\Codex\2026-10-07\files-pasted-by-the-user-project\outputs\oral_scrna_data\GSE310110\objects\GSE310110_annotated_v0.4.h5ad,ABSENT (actual HDF5 layer read),ABSENT (actual HDF5 layer read),No local BAM/FASTQ in audited data roots; processed counts ≠ raw reads,human CollecTRI symbol overlap: 41280 edges; JUND=107; no RegVelo prior validation,Fibroblast 627 (589/32/6 by sample); Myeloid 280; Endothelial 520 (all one sample),"NOT_RUN; no splice layers, direction/terminal-state/depth/batch QC unavailable",NOT_READY,SRA SRX31108634–SRX31108636可追溯；先核对run、10x chemistry及参考版本并估算大小，仅对一个库设计剪接重计数试验。解开symbol重复、样本/Cell Ranger版本耦合；内皮不支持跨供者亚型。,NO longitudinal time; {'Upon diagnosis': 13977},36601,layers/counts; complete stored values finite nonnegative integers; X is normalized noninteger,36591,C:\Users\13683\Documents\Codex\2026-10-07\files-pasted-by-the-user-project\outputs\oral-scrna-atlas\datasets\GSE310110\metadata.yaml; C:\Users\13683\Documents\Codex\2026-10-10\files-pasted-by-the-user-codex\work\peri_audit\h5ad_layer_evidence.json,d7533c1506fcb254c2f87400466d7a5f1ce71048e01ffd883ddff1c1a5c602d9,h5py read-only full stored-values scan; Lin annotation overlay exactly cell-ID aligned
GSE272774,Single-Cell Analysis Reveals the Soft Tissue Structure Heterogeneity Aggravates Peri-Implantitis Through MDK Signaling.; DOI 10.1096/fj.202601037r,Homo sapiens,天然牙旁牙龈/种植体周围软组织,N（既往感染消退）/PI,"8 libraries / 8 patients reported; N=3, PI=5",41902,C:\Users\13683\Documents\Codex\2026-10-07\files-pasted-by-the-user-project\outputs\oral_scrna_data\GSE272774\objects\GSE272774_annotated_v0.4.h5ad,ABSENT (actual HDF5 layer read),ABSENT (actual HDF5 layer read),No local BAM/FASTQ in audited data roots; processed counts ≠ raw reads,human CollecTRI symbol overlap: 41167 edges; JUND=106; no RegVelo prior validation; shared-gene subset=31414 edges/JUND89,Fibroblast 4948 (N3626/PI1322); Myeloid 2475 (N1049/PI1426); Endothelial 8094,"NOT_RUN; no splice layers, direction/terminal-state/depth/batch QC unavailable",NOT_READY,SRA SRX25410355–SRX25410362可追溯；Singleron/GEXSCOPE需适配真实read布局。用Ensembl ID及共同释放22533基因，排查source范围与condition混杂；N不是从未感染健康。,NO longitudinal time; {'Clinical biopsy; exact timeline conflict retained': 41902},58336,layers/counts; complete stored values finite nonnegative integers; X is normalized noninteger,56813,C:\Users\13683\Documents\Codex\2026-10-07\files-pasted-by-the-user-project\outputs\oral-scrna-atlas\datasets\GSE272774\metadata.yaml; C:\Users\13683\Documents\Codex\2026-10-10\files-pasted-by-the-user-codex\work\peri_audit\h5ad_layer_evidence.json,03cc0d23f17129b95e47ca75f4a0af2948edf85c219e402f10639903453799ca,h5py read-only full stored-values scan; Lin annotation overlay exactly cell-ID aligned
GSE294615,Characterising the Periodontal Granulation Tissue Using scRNAseq.; DOI 10.1111/jcpe.70048,Homo sapiens,牙周肉芽组织,非手术治疗后牙周炎残留病灶,3 libraries / 3 donors; one post-treatment condition,7754,C:\Users\13683\Documents\Codex\2026-10-07\files-pasted-by-the-user-project\outputs\oral_scrna_data\GSE294615\objects\GSE294615_annotated_v0.3.h5ad,ABSENT (actual HDF5 layer read),ABSENT (actual HDF5 layer read),No local BAM/FASTQ in audited data roots; processed counts ≠ raw reads,human CollecTRI symbol overlap: 41449 edges; JUND=108; no RegVelo prior validation,Fibroblast 704; Myeloid 678; Endothelial 622,"NOT_RUN; no splice layers, direction/terminal-state/depth/batch QC unavailable",NOT_READY,查原始reads；单条件、3供者且Patient3贡献5860细胞；治疗后标签是共同临床取样背景，不是时间序列。先审查谱系连续状态、纯度与深度。,NO longitudinal time; {'After step 1/2 periodontal treatment': 7754},20633,layers/counts; complete stored values finite nonnegative integers; X is normalized noninteger,20633,C:\Users\13683\Documents\Codex\2026-10-07\files-pasted-by-the-user-project\outputs\oral-scrna-atlas\datasets\GSE294615\metadata.yaml; C:\Users\13683\Documents\Codex\2026-10-10\files-pasted-by-the-user-codex\work\peri_audit\h5ad_layer_evidence.json,1a1166c6cfab88aa80ccb6277b806be5d7c4fc7664ac3c63398374fe9481e831,h5py read-only full stored-values scan; Lin annotation overlay exactly cell-ID aligned
GSE188217,Single-Cell Transcriptomic Atlas of Gingival Mucosa in Type 2 Diabetes.; DOI 10.1177/00220345221092752,Mus musculus,小鼠牙龈黏膜,Control;db/db,2 libraries; 1 library per condition; animal/donor mapping incomplete,18574,C:\Users\13683\Documents\Codex\2026-10-07\files-pasted-by-the-user-project\outputs\oral_scrna_data\GSE188217\objects\GSE188217_annotated_v0.1.h5ad,ABSENT (actual HDF5 layer read),ABSENT (actual HDF5 layer read),No local BAM/FASTQ in audited data roots; processed counts ≠ raw reads,"human prior species-mismatched; mouse Jund present, no validated mouse prior",Fibroblast 5959; Myeloid 294; Neutrophil 1379; mouse oral reference,"NOT_RUN; no splice layers, direction/terminal-state/depth/batch QC unavailable",NOT_READY,不是人PI队列；原始reads与小鼠先验均需补齐，不能直接接人CollecTRI或按symbol大写转换。db/db与Control各1库不能作动物重复疾病检验。,NO longitudinal time; {'baseline': 18574},27998,layers/counts; complete stored values finite nonnegative integers; X is normalized noninteger,27933,C:\Users\13683\Documents\Codex\2026-10-07\files-pasted-by-the-user-project\outputs\oral-scrna-atlas\datasets\GSE188217\metadata.yaml; C:\Users\13683\Documents\Codex\2026-10-10\files-pasted-by-the-user-codex\work\peri_audit\h5ad_layer_evidence.json,735444bf3d1a72b56982ba52c86f11798d1300752159cf6376523784080bf95f,h5py read-only full stored-values scan; Lin annotation overlay exactly cell-ID aligned
GSE266897 direct GEO files,Single-cell and spatially resolved interactomics of tooth-associated keratinocytes in periodontitis.; DOI 10.1038/s41467-024-49037-y,Homo sapiens,Gingiva,induced gingivitis (not peri-implant mucositis),4 libraries / 4 sample records; donor correspondence pending,Unknown for unprocessed direct files,C:\Users\13683\Documents\Codex\2026-10-07\files-pasted-by-the-user-project\outputs\oral-scrna-atlas\datasets\GSE266897\metadata.yaml,UNKNOWN; no direct analysis object,UNKNOWN; no direct analysis object,SRA SRX24483678–SRX24483681 recorded; no local FASTQ/BAM,Human CollecTRI available; direct-object gene overlap not audited,Direct-file composition not measured; Huang member exists in separate meta-atlas,NOT_RUN; expression/velocity object unavailable,BLOCKED,复用已有CELLxGENE中Huang 6587细胞作GRN活动参考；若做velocity需追溯四库原始reads并做独立剪接计数/QC，1KB可访问探针不是完整下载。,No released longitudinal series established,Unknown,No direct local count object,Unknown,C:\Users\13683\Documents\Codex\2026-10-07\files-pasted-by-the-user-project\outputs\oral-scrna-atlas\datasets\GSE266897\access_audit.json; C:\Users\13683\Documents\Codex\2026-10-07\files-pasted-by-the-user-project\outputs\oral-scrna-atlas\datasets\GSE266897\metadata.yaml,Not applicable,GEO SOFT/sample metadata and prefix-probe record; no direct expression matrix read
CELLxGENE periodontal meta-atlas (GSE266897 Huang member included),Easter et al. Nature Communications 2024; DOI 10.1038/s41467-024-49037-y; multiple source cohorts,Homo sapiens,Gingiva / tooth-associated oral tissue,normal60811; periodontitis38520; gingivitis6587; no PI,"34 library-like donor_id labels, not 34 proven independent donors",105918,C:\Users\13683\Documents\Codex\2026-10-08\files-pasted-by-the-user-codex\outputs\tf-regulatory-network-atlas\data\raw\periodontal_atlas.h5ad,ABSENT (layers empty),ABSENT (layers empty),No local FASTQ/BAM in this cache; source cohorts reused,"Human CollecTRI40903 symbol-matched edges/JUND108; curated prior, no velocity validation",Author fibroblast17533; macrophage2129; blood/lymphatic endothelium; restrict a single cohort,NOT_RUN; no splicing layers,NOT_READY,用于已有GRN活动分析；RegVelo先分Study再追溯raw，不把来源/assay/疾病组作为时间。Huang6587不与直接GSE266897重复计数。,No longitudinal time key,35369,raw/X actually read; finite nonnegative integer; normalized X is noninteger; layers empty,35360,C:\Users\13683\Documents\Codex\2026-10-08\files-pasted-by-the-user-codex\outputs\tf-regulatory-network-atlas\data\source_audit.json; C:\Users\13683\Documents\Codex\2026-10-10\files-pasted-by-the-user-codex\work\peri_audit\h5ad_layer_evidence.json,7dc13de46fd2702dbfaf8d69bec933b79b05196ebce7d516e59cea471aa83c4e,Actual h5py read-only full stored-values scan; member cohort mapping corroborated from source audit
Historical JUND/STAT4 fibroblast subset (derived from Lin PI),Lin2026 PI input; DOI10.1038/s41368-026-00447-2; DoseDirKO historical model,Homo sapiens,Peri-implant mucosa,PI-only operational Inflammatory_enriched subset,3 donors D3/D4/D6; 4 libraries (D6 repeated),120,C:\Users\13683\Desktop\本科科研汇总\Virtual_Cell_Feasibility_2026-10-08\PI_Inflammatory_Fibroblast_Virtual_Perturbation\data\10x_target,ABSENT,ABSENT,"10x target MTX export is processed gene counts, not raw reads",DoseDirKO WT networks460x460 expression-associated; not a validated directed RegVelo prior,Exploratory operational fibroblast enrichment; no independently validated fine state,NOT_RUN; no splice counts,NOT_READY,保留既有DoseDirKO独立调用；RegVelo回到完整同谱系输入而非120细胞/460基因受限面板。JUND只是候选；pooled/供者冲突及稳定性FAIL必须保留。,None,21934 count export; 460 DoseDirKO model panel,Existing audit: canonical layers/counts exact export; no new model run in this audit,21934 input / 460 panel,C:\Users\13683\Desktop\本科科研汇总\Virtual_Cell_Feasibility_2026-10-08\PI_Inflammatory_Fibroblast_Virtual_Perturbation\data\input_manifest\input_manifest.json; C:\Users\13683\Desktop\本科科研汇总\Virtual_Cell_Feasibility_2026-10-08\PI_Inflammatory_Fibroblast_Virtual_Perturbation\results\virtual_ko\pooled_JUND_alpha0.5\run_manifest.json,See historical manifest; not recomputed for this derivative,"Historical configuration, CSV/manifest and network metadata; canonical parent separately re-read"
