sample_id	geo_accession	donor_id	condition	tissue
GSM5005048_GM136	GSM5005048	GM136	HG	gingiva
GSM5005049_GM143	GSM5005049	GM143	HG	gingiva
GSM5005050_GM144	GSM5005050	GM144	HG	gingiva
GSM5005051_GM147	GSM5005051	GM147	HG	gingiva
GSM5005052_GM148	GSM5005052	GM148	HG	gingiva
GSM5005053_GM183	GSM5005053	GM183	HG	gingiva
GSM5005054_GM184a	GSM5005054	GM184a	HG	gingiva
GSM5005055_GM238	GSM5005055	GM238	HG	gingiva
GSM5005056_GM241	GSM5005056	GM241	HG	gingiva
GSM5005057_GM242	GSM5005057	GM242	HG	gingiva
GSM5177039_GM169	GSM5177039	GM169	HG	gingiva
GSM5177040_GM283	GSM5177040	GM283	HG	gingiva
GSM5177041_GM289	GSM5177041	GM289	HG	gingiva
