group	package	required
pilot_core	Seurat	TRUE
pilot_core	dplyr	TRUE
pilot_core	ggplot2	TRUE
pilot_core	patchwork	TRUE
pilot_core	reshape2	TRUE
pilot_core	cowplot	TRUE
pilot_core	knitr	TRUE
upstream_extended	tidyr	FALSE
upstream_extended	scales	FALSE
upstream_extended	gdata	FALSE
upstream_extended	ggraph	FALSE
upstream_extended	scater	FALSE
upstream_extended	SingleR	FALSE
upstream_extended	data.table	FALSE
upstream_extended	paletteer	FALSE
upstream_extended	R.utils	FALSE
upstream_extended	ComplexHeatmap	FALSE
upstream_extended	clustree	FALSE
upstream_extended	viridis	FALSE
upstream_extended	pheatmap	FALSE
upstream_extended	devtools	FALSE
upstream_extended	Scillus	FALSE
upstream_extended	scFunctions	FALSE
upstream_extended	ggcharts	FALSE
upstream_extended	schex	FALSE
upstream_extended	Cairo	FALSE
upstream_extended	cartography	FALSE
upstream_extended	kableExtra	FALSE
upstream_extended	gsfisher	FALSE
upstream_extended	BiocParallel	FALSE
upstream_extended	nichenetr	FALSE
upstream_extended	easyalluvial	FALSE
upstream_extended	purrr	FALSE
