group	package	installed	version	load_status
pilot_core	Seurat	TRUE	5.2.1	error: namespace 'Matrix' 1.5-4.1 is already loaded, but >= 1.6.4 is required
pilot_core	dplyr	TRUE	1.1.4	ok
pilot_core	ggplot2	TRUE	3.5.2	ok
pilot_core	patchwork	TRUE	1.3.1	ok
pilot_core	reshape2	TRUE	1.4.4	error: there is no package called 'plyr'
pilot_core	cowplot	TRUE	1.2.0	ok
pilot_core	knitr	TRUE	1.50	ok
upstream_extended	tidyr	TRUE	1.3.1	ok
upstream_extended	scales	TRUE	1.4.0	ok
upstream_extended	gdata	FALSE		not installed
upstream_extended	ggraph	TRUE	2.2.1	ok
upstream_extended	scater	FALSE		not installed
upstream_extended	SingleR	FALSE		not installed
upstream_extended	data.table	TRUE	1.17.0	ok
upstream_extended	paletteer	TRUE	1.6.0	ok
upstream_extended	R.utils	TRUE	2.13.0	ok
upstream_extended	ComplexHeatmap	FALSE		not installed
upstream_extended	clustree	TRUE	0.5.1	ok
upstream_extended	viridis	TRUE	0.6.5	ok
upstream_extended	pheatmap	FALSE		not installed
upstream_extended	devtools	TRUE	2.4.5	ok
upstream_extended	Scillus	FALSE		not installed
upstream_extended	scFunctions	FALSE		not installed
upstream_extended	ggcharts	FALSE		not installed
upstream_extended	schex	FALSE		not installed
upstream_extended	Cairo	TRUE	1.6.2	ok
upstream_extended	cartography	FALSE		not installed
upstream_extended	kableExtra	FALSE		not installed
upstream_extended	gsfisher	FALSE		not installed
upstream_extended	BiocParallel	FALSE		not installed
upstream_extended	nichenetr	FALSE		not installed
upstream_extended	easyalluvial	FALSE		not installed
upstream_extended	purrr	TRUE	1.0.4	ok
