Depletion likelihood,p-value,FDR adjusted p-value,Terminal state,TF
0.5,0.5,0.5,mNC_head_mesenchymal,NULL
0.5,0.5,0.5,mNC_arch2,NULL
0.5,0.5,0.5,mNC_hox34,NULL
0.5,0.5,0.5,Pigment,NULL
0.5,0.5,0.5,mNC_head_mesenchymal,NO_EDGES_BX571715.1
0.5,0.5,0.5,mNC_arch2,NO_EDGES_BX571715.1
0.5,0.5,0.5,mNC_hox34,NO_EDGES_BX571715.1
0.5,0.5,0.5,Pigment,NO_EDGES_BX571715.1
0.47124075511157676,0.9684968615468059,0.987553070159894,mNC_head_mesenchymal,elf1
0.46530220724605764,0.987553070159894,0.987553070159894,mNC_arch2,elf1
0.46594031810855707,0.9861601044276942,0.987553070159894,mNC_hox34,elf1
0.543938049727362,0.002252962138865436,0.009011848555461744,Pigment,elf1
0.5583964068183175,7.99885823308505e-05,0.000319954329323402,mNC_head_mesenchymal,nr2f5
0.5302166077614865,0.02538855233785592,0.05077710467571184,mNC_arch2,nr2f5
0.5272463046176583,0.03909019431483981,0.052120259086453076,mNC_hox34,nr2f5
0.4578054338227575,0.9968108913859085,0.9968108913859085,Pigment,nr2f5
