regulator,n_targets,sum_abs_weight
mitfa,272,245.21916
tfap2a,222,209.4846
ebf3a,190,193.39717
bhlhe40,216,185.15448
sox9b,146,162.66124
tfap2e,142,136.15456
tfec,175,135.71115
sox10,132,126.92797
elf1,100,117.22904
rxraa,132,106.65603
fli1a,144,100.423645
tead3b,100,99.8737
snai1a,89,92.079414
rarga,87,79.87442
jun,90,75.74021
bach2b,83,75.53328
nr2f5,106,70.14816
ebf1b,73,61.664288
bhlhe41,59,61.28978
nr2f6b,60,61.002544
hoxa2b,53,60.22173
fosl2,67,59.096527
tead1b,64,58.735703
tfeb,80,57.829613
otx2b,50,57.517803
tfap2b,72,57.014565
alx4a,60,55.59233
sox6,74,53.938515
klf15,53,53.610752
hoxb9a,60,48.47169
elk3,64,46.505318
zeb1b,72,46.128716
egr2b,45,43.2188
zic2b,47,38.74857
hoxa9b,49,33.88668
nr2f2,41,28.286217
hoxa9a,41,27.41161
hoxc3a,35,27.350447
hnf1ba,39,24.354471
msx1b,32,23.80584
jdp2b,29,23.443617
msx3,32,22.640827
tfap2c,24,21.399538
hnf1bb,29,21.222185
nr4a2b,27,20.865885
hoxa4a,22,20.604858
hoxc9a,33,19.893427
rorab,30,19.270039
hoxb8a,19,17.947336
e2f7,18,17.299276
her9,18,16.676748
hoxc11b,21,16.455467
nr2f1b,15,15.793613
alx4b,19,15.735961
hoxb1a,15,15.456895
hic1,15,15.0989065
tbx15,13,14.29627
hoxa11b,26,14.250415
twist1b,17,13.649239
zic4,19,13.321466
pbx1a,12,12.828042
nfe2,15,11.012503
nr4a3,16,9.81777
hoxb10a,16,9.780455
egr4,13,9.503467
etv5b,14,9.4582815
nfe2l2a,14,9.255262
zic2a,16,9.232199
twist3,6,9.053181
sox19a,10,8.919901
twist1a,12,7.751725
hoxb1b,7,7.3395257
egr3,7,6.5392933
hoxd12a,14,6.3001733
hoxb5b,5,6.2678576
hoxd11a,12,5.7658806
dlx1a,5,5.5206904
pknox2,7,5.1553526
erfl3,10,4.4095216
fosab,8,3.071793
junba,2,1.1564883
otpb,1,0.32988164
