TF,seed,cutoff,target_fraction,axis,lineage,cell_fate_delta_spearman,cell_effect_spearman,mean_fate_delta,reference_mean_fate_delta,direction_agrees,both_mean_effects_above_1e4
elf1,1,0.001,1.0,posterior_seed,mNC_head_mesenchymal,0.9987944798053727,0.9999507395237854,0.0044497045817378745,0.004418469181225117,True,True
elf1,1,0.001,1.0,posterior_seed,mNC_arch2,0.9977160552008061,0.9999507395237854,0.007677834717441849,0.007617664103524762,True,True
elf1,1,0.001,1.0,posterior_seed,mNC_hox34,0.9987155793760046,0.9999507395237854,0.006346073992512712,0.006383702609486625,True,True
elf1,1,0.001,1.0,posterior_seed,Pigment,0.9999113750481861,0.9999507395237854,-0.01847361329168968,-0.018419835894234154,True,True
nr2f5,1,0.001,1.0,posterior_seed,mNC_head_mesenchymal,0.9999921277675436,0.9999672896262258,-0.011599507793689753,-0.011643946500503623,True,True
nr2f5,1,0.001,1.0,posterior_seed,mNC_arch2,0.9999406910993689,0.9999672896262258,-0.0018790124708494465,-0.0019411324280862927,True,True
nr2f5,1,0.001,1.0,posterior_seed,mNC_hox34,0.9994629427658777,0.9999672896262258,-0.005914707131061566,-0.005777952520188516,True,True
nr2f5,1,0.001,1.0,posterior_seed,Pigment,0.9997613751799836,0.9999672896262258,0.019393227395602074,0.019363031448784093,True,True
elf1,2,0.001,1.0,posterior_seed,mNC_head_mesenchymal,0.9985794716827247,0.9999529367536596,0.004464971580748023,0.004418469181225117,True,True
elf1,2,0.001,1.0,posterior_seed,mNC_arch2,0.9969062838866656,0.9999529367536596,0.007683050411470887,0.007617664103524762,True,True
elf1,2,0.001,1.0,posterior_seed,mNC_hox34,0.9986954535328477,0.9999529367536596,0.006345758705230165,0.006383702609486625,True,True
elf1,2,0.001,1.0,posterior_seed,Pigment,0.999925089118302,0.9999529367536596,-0.01849378069744537,-0.018419835894234154,True,True
nr2f5,2,0.001,1.0,posterior_seed,mNC_head_mesenchymal,0.9999936238479199,0.9999703373966967,-0.011573042275454783,-0.011643946500503623,True,True
nr2f5,2,0.001,1.0,posterior_seed,mNC_arch2,0.9999615293617526,0.9999703373966967,-0.0019966602249466897,-0.0019411324280862927,True,True
nr2f5,2,0.001,1.0,posterior_seed,mNC_hox34,0.9999455355501111,0.9999703373966967,-0.005779836862588353,-0.005777952520188516,True,True
nr2f5,2,0.001,1.0,posterior_seed,Pigment,0.9999209927077478,0.9999703373966967,0.01934953936299151,0.019363031448784093,True,True
elf1,0,0.0,1.0,cutoff,mNC_head_mesenchymal,0.9999999999999999,1.0,0.004418469181225117,0.004418469181225117,True,True
elf1,0,0.0,1.0,cutoff,mNC_arch2,0.9999999999999999,1.0,0.007617664103524762,0.007617664103524762,True,True
elf1,0,0.0,1.0,cutoff,mNC_hox34,0.9999999999999999,1.0,0.006383702609486625,0.006383702609486625,True,True
elf1,0,0.0,1.0,cutoff,Pigment,0.9999999999999999,1.0,-0.018419835894234154,-0.018419835894234154,True,True
nr2f5,0,0.0,1.0,cutoff,mNC_head_mesenchymal,0.9999999999999999,1.0,-0.011643946500503651,-0.011643946500503623,True,True
nr2f5,0,0.0,1.0,cutoff,mNC_arch2,0.9999999999999999,1.0,-0.0019411324280863198,-0.0019411324280862927,True,True
nr2f5,0,0.0,1.0,cutoff,mNC_hox34,0.9999999999999999,1.0,-0.005777952520188541,-0.005777952520188516,True,True
nr2f5,0,0.0,1.0,cutoff,Pigment,0.9999999999999999,1.0,0.01936303144878407,0.019363031448784093,True,True
elf1,0,0.01,1.0,cutoff,mNC_head_mesenchymal,0.9999999999999999,1.0,0.004418469181225117,0.004418469181225117,True,True
elf1,0,0.01,1.0,cutoff,mNC_arch2,0.9999999999999999,1.0,0.007617664103524762,0.007617664103524762,True,True
elf1,0,0.01,1.0,cutoff,mNC_hox34,0.9999999999999999,1.0,0.006383702609486625,0.006383702609486625,True,True
elf1,0,0.01,1.0,cutoff,Pigment,0.9999999999999999,1.0,-0.018419835894234154,-0.018419835894234154,True,True
nr2f5,0,0.01,1.0,cutoff,mNC_head_mesenchymal,0.9999989313711598,0.9999990077026376,-0.01170331149377354,-0.011643946500503623,True,True
nr2f5,0,0.01,1.0,cutoff,mNC_arch2,0.9999975421536673,0.9999990077026376,-0.001944688125465548,-0.0019411324280862927,True,True
nr2f5,0,0.01,1.0,cutoff,mNC_hox34,0.9999814058581805,0.9999990077026376,-0.005756553440026792,-0.005777952520188516,True,True
nr2f5,0,0.01,1.0,cutoff,Pigment,0.9999959748313684,0.9999990077026376,0.019404553059267006,0.019363031448784093,True,True
elf1,0,0.001,0.5,target_subset,mNC_head_mesenchymal,0.9940954338273318,0.9999335515158974,0.004784403220282465,0.004418469181225117,True,True
elf1,0,0.001,0.5,target_subset,mNC_arch2,0.9915119523642306,0.9999335515158974,0.00782986501975665,0.007617664103524762,True,True
elf1,0,0.001,0.5,target_subset,mNC_hox34,0.9928549338486687,0.9999335515158974,0.006962498188764498,0.006383702609486625,True,True
elf1,0,0.001,0.5,target_subset,Pigment,0.996744529101221,0.9999335515158974,-0.019576766428805074,-0.018419835894234154,True,True
nr2f5,0,0.001,0.5,target_subset,mNC_head_mesenchymal,0.9926850574840386,0.9978928919897081,-0.008627637013450977,-0.011643946500503623,True,True
nr2f5,0,0.001,0.5,target_subset,mNC_arch2,0.9682583394547953,0.9978928919897081,-0.00048522096744994033,-0.0019411324280862927,True,True
nr2f5,0,0.001,0.5,target_subset,mNC_hox34,0.656752284496924,0.9978928919897081,-0.0016619077238225343,-0.005777952520188516,True,True
nr2f5,0,0.001,0.5,target_subset,Pigment,0.9555899939009788,0.9978928919897081,0.01077476570472704,0.019363031448784093,True,True
