TF,seed,cutoff,target_fraction,axis,lineage,blocked_edges,mean_fate_delta,mean_velocity_l2
elf1,0,0.001,1.0,posterior_seed,mNC_head_mesenchymal,100,0.004418469181225117,0.0444573238492012
elf1,0,0.001,1.0,posterior_seed,mNC_arch2,100,0.007617664103524762,0.0444573238492012
elf1,0,0.001,1.0,posterior_seed,mNC_hox34,100,0.006383702609486625,0.0444573238492012
elf1,0,0.001,1.0,posterior_seed,Pigment,100,-0.018419835894234154,0.0444573238492012
nr2f5,0,0.001,1.0,posterior_seed,mNC_head_mesenchymal,106,-0.011643946500503623,0.11183194816112518
nr2f5,0,0.001,1.0,posterior_seed,mNC_arch2,106,-0.0019411324280862927,0.11183194816112518
nr2f5,0,0.001,1.0,posterior_seed,mNC_hox34,106,-0.005777952520188516,0.11183194816112518
nr2f5,0,0.001,1.0,posterior_seed,Pigment,106,0.019363031448784093,0.11183194816112518
elf1,1,0.001,1.0,posterior_seed,mNC_head_mesenchymal,100,0.0044497045817378745,0.044468361884355545
elf1,1,0.001,1.0,posterior_seed,mNC_arch2,100,0.007677834717441849,0.044468361884355545
elf1,1,0.001,1.0,posterior_seed,mNC_hox34,100,0.006346073992512712,0.044468361884355545
elf1,1,0.001,1.0,posterior_seed,Pigment,100,-0.01847361329168968,0.044468361884355545
nr2f5,1,0.001,1.0,posterior_seed,mNC_head_mesenchymal,106,-0.011599507793689753,0.11185049265623093
nr2f5,1,0.001,1.0,posterior_seed,mNC_arch2,106,-0.0018790124708494465,0.11185049265623093
nr2f5,1,0.001,1.0,posterior_seed,mNC_hox34,106,-0.005914707131061566,0.11185049265623093
nr2f5,1,0.001,1.0,posterior_seed,Pigment,106,0.019393227395602074,0.11185049265623093
elf1,2,0.001,1.0,posterior_seed,mNC_head_mesenchymal,100,0.004464971580748023,0.044460754841566086
elf1,2,0.001,1.0,posterior_seed,mNC_arch2,100,0.007683050411470887,0.044460754841566086
elf1,2,0.001,1.0,posterior_seed,mNC_hox34,100,0.006345758705230165,0.044460754841566086
elf1,2,0.001,1.0,posterior_seed,Pigment,100,-0.01849378069744537,0.044460754841566086
nr2f5,2,0.001,1.0,posterior_seed,mNC_head_mesenchymal,106,-0.011573042275454783,0.11182893812656403
nr2f5,2,0.001,1.0,posterior_seed,mNC_arch2,106,-0.0019966602249466897,0.11182893812656403
nr2f5,2,0.001,1.0,posterior_seed,mNC_hox34,106,-0.005779836862588353,0.11182893812656403
nr2f5,2,0.001,1.0,posterior_seed,Pigment,106,0.01934953936299151,0.11182893812656403
elf1,0,0.0,1.0,cutoff,mNC_head_mesenchymal,100,0.004418469181225117,0.0444573238492012
elf1,0,0.0,1.0,cutoff,mNC_arch2,100,0.007617664103524762,0.0444573238492012
elf1,0,0.0,1.0,cutoff,mNC_hox34,100,0.006383702609486625,0.0444573238492012
elf1,0,0.0,1.0,cutoff,Pigment,100,-0.018419835894234154,0.0444573238492012
nr2f5,0,0.0,1.0,cutoff,mNC_head_mesenchymal,106,-0.011643946500503651,0.11183194816112518
nr2f5,0,0.0,1.0,cutoff,mNC_arch2,106,-0.0019411324280863198,0.11183194816112518
nr2f5,0,0.0,1.0,cutoff,mNC_hox34,106,-0.005777952520188541,0.11183194816112518
nr2f5,0,0.0,1.0,cutoff,Pigment,106,0.01936303144878407,0.11183194816112518
elf1,0,0.01,1.0,cutoff,mNC_head_mesenchymal,100,0.004418469181225117,0.0444573238492012
elf1,0,0.01,1.0,cutoff,mNC_arch2,100,0.007617664103524762,0.0444573238492012
elf1,0,0.01,1.0,cutoff,mNC_hox34,100,0.006383702609486625,0.0444573238492012
elf1,0,0.01,1.0,cutoff,Pigment,100,-0.018419835894234154,0.0444573238492012
nr2f5,0,0.01,1.0,cutoff,mNC_head_mesenchymal,105,-0.01170331149377354,0.1118665486574173
nr2f5,0,0.01,1.0,cutoff,mNC_arch2,105,-0.001944688125465548,0.1118665486574173
nr2f5,0,0.01,1.0,cutoff,mNC_hox34,105,-0.005756553440026792,0.1118665486574173
nr2f5,0,0.01,1.0,cutoff,Pigment,105,0.019404553059267006,0.1118665486574173
elf1,0,0.001,0.5,target_subset,mNC_head_mesenchymal,50,0.004784403220282465,0.040550000965595245
elf1,0,0.001,0.5,target_subset,mNC_arch2,50,0.00782986501975665,0.040550000965595245
elf1,0,0.001,0.5,target_subset,mNC_hox34,50,0.006962498188764498,0.040550000965595245
elf1,0,0.001,0.5,target_subset,Pigment,50,-0.019576766428805074,0.040550000965595245
nr2f5,0,0.001,0.5,target_subset,mNC_head_mesenchymal,53,-0.008627637013450977,0.09617635607719421
nr2f5,0,0.001,0.5,target_subset,mNC_arch2,53,-0.00048522096744994033,0.09617635607719421
nr2f5,0,0.001,0.5,target_subset,mNC_hox34,53,-0.0016619077238225343,0.09617635607719421
nr2f5,0,0.001,0.5,target_subset,Pigment,53,0.01077476570472704,0.09617635607719421
