cell,UMAP1,UMAP2,cell_type
nc01_zumi:AAGAGGCAAGAGGATAx,4.8402376,2.1106594,mNC_arch2
nc01_zumi:AAGAGGCAAGGCTTAGx,8.082981,3.3740497,mNC_hox34
nc01_zumi:AAGAGGCAATAGCCTTx,-1.534507,6.8098087,Pigment
nc01_zumi:AAGAGGCACGGAGAGAx,1.4781227,7.007659,mNC_vagal
nc01_zumi:AAGAGGCATATGCAGTx,1.1573297,6.6862097,mNC_vagal
nc01_zumi:AAGAGGCATCGCATAAx,1.0020635,6.462859,mNC_vagal
nc01_zumi:AAGAGGCATCTTACGCx,-1.9265926,6.6514716,Pigment
nc01_zumi:ACTCGCTAAGAGGATAx,-0.21214385,6.379778,mNC_vagal
nc01_zumi:ACTCGCTAAGCTAGAAx,5.5411963,1.8830101,mNC_arch2
nc01_zumi:ACTCGCTAAGGCTTAGx,2.1233046,6.384707,mNC_vagal
nc01_zumi:ACTCGCTAATAGCCTTx,2.9302769,-0.17596093,mNC_head_mesenchymal
nc01_zumi:ACTCGCTACGGAGAGAx,2.1912844,1.0692183,mNC_head_mesenchymal
nc01_zumi:ACTCGCTATATGCAGTx,1.8039844,0.39949417,mNC_head_mesenchymal
nc01_zumi:ACTCGCTATCGCATAAx,4.8348007,4.2969565,mNC_arch2
nc01_zumi:ACTCGCTATCTTACGCx,2.4079707,1.609031,mNC_head_mesenchymal
nc01_zumi:ACTGAGCGAGAGGATAx,-1.7883117,6.6623626,Pigment
nc01_zumi:ACTGAGCGAGCTAGAAx,6.8294544,3.6618533,mNC_hox34
nc01_zumi:ACTGAGCGAGGCTTAGx,-1.3160468,6.9876556,Pigment
nc01_zumi:ACTGAGCGATAGCCTTx,8.3906555,3.923878,mNC_hox34
nc01_zumi:ACTGAGCGCGGAGAGAx,7.6781025,3.1856005,mNC_hox34
nc01_zumi:ACTGAGCGTATGCAGTx,0.4153769,6.5857444,mNC_vagal
nc01_zumi:ACTGAGCGTCTTACGCx,5.066148,2.3477356,mNC_arch2
nc01_zumi:AGGCAGAAAGAGGATAx,0.7155302,6.888107,mNC_vagal
nc01_zumi:AGGCAGAAAGCTAGAAx,5.07696,3.0541968,mNC_arch2
nc01_zumi:AGGCAGAAAGGCTTAGx,4.5118003,1.355363,mNC_arch1
nc01_zumi:AGGCAGAAATAGCCTTx,3.6626182,1.1637695,mNC_arch1
nc01_zumi:AGGCAGAACGGAGAGAx,1.4688369,5.4419055,Pigment
nc01_zumi:AGGCAGAATATGCAGTx,1.7037042,7.1223035,mNC_vagal
nc01_zumi:AGGCAGAATCTTACGCx,-1.8747846,7.052477,Pigment
nc01_zumi:ATCTCAGGAGCTAGAAx,2.2929587,0.30103084,mNC_head_mesenchymal
nc01_zumi:ATCTCAGGAGGCTTAGx,-2.0185504,7.07648,Pigment
nc01_zumi:ATCTCAGGATAGCCTTx,1.9844044,0.2891946,mNC_head_mesenchymal
nc01_zumi:ATCTCAGGCGGAGAGAx,-2.4146514,6.7738047,Pigment
nc01_zumi:ATCTCAGGTATGCAGTx,0.32873055,6.7169847,mNC_vagal
nc01_zumi:ATCTCAGGTCGCATAAx,2.590294,7.089958,mNC_vagal
nc01_zumi:ATCTCAGGTCTTACGCx,5.002799,3.1263134,mNC_arch2
nc01_zumi:ATGCGCAGAGAGGATAx,1.8956504,0.9054282,mNC_head_mesenchymal
nc01_zumi:ATGCGCAGAGCTAGAAx,2.6414728,0.61362475,mNC_head_mesenchymal
nc01_zumi:ATGCGCAGAGGCTTAGx,3.1126418,7.762863,mNC_vagal
nc01_zumi:ATGCGCAGATAGCCTTx,5.234927,3.480823,mNC_arch2
nc01_zumi:ATGCGCAGCGGAGAGAx,8.340206,3.3029354,mNC_hox34
nc01_zumi:ATGCGCAGTATGCAGTx,5.3128343,1.4847218,mNC_arch2
nc01_zumi:ATGCGCAGTCTTACGCx,-1.3491404,6.633092,Pigment
nc01_zumi:CCTAAGACAGCTAGAAx,-1.1268622,6.9316506,Pigment
nc01_zumi:CCTAAGACAGGCTTAGx,4.078827,3.9557002,mNC_arch1
nc01_zumi:CCTAAGACATAGCCTTx,2.2550073,6.495423,mNC_vagal
nc01_zumi:CCTAAGACCGGAGAGAx,-0.5738577,6.509385,Pigment
nc01_zumi:CCTAAGACTATGCAGTx,-1.7706199,5.95805,Pigment
nc01_zumi:CCTAAGACTCGCATAAx,1.8117079,0.72276956,mNC_head_mesenchymal
nc01_zumi:CCTAAGACTCTTACGCx,4.7656536,1.2090617,mNC_arch1
nc01_zumi:CGAGGCTGAGAGGATAx,7.666889,3.312735,mNC_hox34
nc01_zumi:CGAGGCTGAGCTAGAAx,1.6625084,6.701618,mNC_vagal
nc01_zumi:CGAGGCTGAGGCTTAGx,7.871502,3.0536807,mNC_hox34
nc01_zumi:CGAGGCTGATAGCCTTx,7.1883216,3.527331,mNC_hox34
nc01_zumi:CGAGGCTGCGGAGAGAx,-1.7254579,7.005836,Pigment
nc01_zumi:CGAGGCTGTATGCAGTx,7.0060267,3.453102,mNC_hox34
nc01_zumi:CGAGGCTGTCGCATAAx,2.2875073,-0.3015655,mNC_head_mesenchymal
nc01_zumi:CGAGGCTGTCTTACGCx,-1.4293423,6.273386,Pigment
nc01_zumi:CGATCAGTAGCTAGAAx,4.720124,1.2058558,mNC_arch1
nc01_zumi:CGATCAGTAGGCTTAGx,3.2676523,6.0925794,mNC_vagal
nc01_zumi:CGATCAGTATAGCCTTx,4.154314,6.0630627,mNC_vagal
nc01_zumi:CGATCAGTCGGAGAGAx,7.944997,3.4046967,mNC_hox34
nc01_zumi:CGATCAGTTATGCAGTx,5.2311764,1.5172089,mNC_arch2
nc01_zumi:CGATCAGTTCGCATAAx,4.956673,2.9091654,mNC_arch2
nc01_zumi:CGATCAGTTCTTACGCx,8.153712,3.9957743,mNC_hox34
nc01_zumi:CGGAGCCTAGAGGATAx,1.2812014,6.3276963,mNC_vagal
nc01_zumi:CGGAGCCTAGCTAGAAx,2.4673283,6.4384685,mNC_vagal
nc01_zumi:CGGAGCCTAGGCTTAGx,7.081778,3.4545715,mNC_hox34
nc01_zumi:CGGAGCCTATAGCCTTx,-0.48351505,6.827272,Pigment
nc01_zumi:CGGAGCCTCGGAGAGAx,-0.5030904,6.7758975,Pigment
nc01_zumi:CGGAGCCTTCGCATAAx,7.7183723,3.472214,mNC_hox34
nc01_zumi:CGGAGCCTTCTTACGCx,1.5497918,7.101576,mNC_vagal
nc01_zumi:CGTACTAGAGAGGATAx,4.937328,2.0575807,mNC_arch2
nc01_zumi:CGTACTAGAGCTAGAAx,4.037154,1.4976618,mNC_arch1
nc01_zumi:CGTACTAGAGGCTTAGx,4.1229997,1.7079797,mNC_arch1
nc01_zumi:CGTACTAGATAGCCTTx,8.380183,3.7553039,mNC_hox34
nc01_zumi:CGTACTAGCGGAGAGAx,3.368224,7.204926,mNC_vagal
nc01_zumi:CGTACTAGTATGCAGTx,4.1997657,3.867887,mNC_arch1
nc01_zumi:CGTACTAGTCGCATAAx,1.9847605,0.00050856796,mNC_head_mesenchymal
nc01_zumi:CGTACTAGTCTTACGCx,3.612369,0.5134884,mNC_head_mesenchymal
nc01_zumi:CTCTCTACAGAGGATAx,3.7769475,5.671989,mNC_vagal
nc01_zumi:CTCTCTACCGGAGAGAx,2.3381302,0.4018044,mNC_head_mesenchymal
nc01_zumi:CTCTCTACTATGCAGTx,-0.11978452,6.6612883,mNC_vagal
nc01_zumi:CTCTCTACTCGCATAAx,2.5796027,1.4208909,mNC_head_mesenchymal
nc01_zumi:CTCTCTACTCTTACGCx,-0.052001216,6.8120723,mNC_vagal
nc01_zumi:GCGTAGTAAGAGGATAx,2.9192948,0.4040583,mNC_head_mesenchymal
nc01_zumi:GCGTAGTAATAGCCTTx,-1.9864323,6.988525,Pigment
nc01_zumi:GCGTAGTACGGAGAGAx,7.841319,3.1612206,mNC_hox34
nc01_zumi:GCGTAGTATATGCAGTx,3.0329053,6.7335477,mNC_vagal
nc01_zumi:GCGTAGTATCGCATAAx,7.5025597,3.6235023,mNC_hox34
nc01_zumi:GCGTAGTATCTTACGCx,2.3344054,0.709789,mNC_head_mesenchymal
nc01_zumi:GCTCATGAAGAGGATAx,2.6073747,0.6713706,mNC_head_mesenchymal
nc01_zumi:GCTCATGAAGCTAGAAx,0.40215966,6.7252665,mNC_vagal
nc01_zumi:GCTCATGAAGGCTTAGx,1.5794493,6.587005,mNC_vagal
nc01_zumi:GCTCATGAATAGCCTTx,3.2207675,0.33015475,mNC_head_mesenchymal
nc01_zumi:GCTCATGACGGAGAGAx,7.4895806,3.6036298,mNC_hox34
nc01_zumi:GCTCATGATATGCAGTx,4.233979,2.5206594,mNC_arch1
nc01_zumi:GCTCATGATCGCATAAx,2.8793662,0.9289151,mNC_head_mesenchymal
nc01_zumi:GCTCATGATCTTACGCx,2.6942904,-0.17838582,mNC_head_mesenchymal
nc01_zumi:GGACTCCTAGAGGATAx,2.6397388,0.76117843,mNC_head_mesenchymal
nc01_zumi:GGACTCCTAGCTAGAAx,4.0021253,1.656816,mNC_arch1
nc01_zumi:GGACTCCTAGGCTTAGx,0.062266313,6.944639,mNC_vagal
nc01_zumi:GGACTCCTATAGCCTTx,-0.26181358,6.934243,mNC_vagal
nc01_zumi:GGACTCCTCGGAGAGAx,2.4064026,0.78671765,mNC_head_mesenchymal
nc01_zumi:GGACTCCTTATGCAGTx,-1.6780149,6.8193774,Pigment
nc01_zumi:GGACTCCTTCGCATAAx,5.269567,4.188616,mNC_arch2
nc01_zumi:GGAGCTACAGAGGATAx,2.6364267,-0.55254966,mNC_head_mesenchymal
nc01_zumi:GGAGCTACAGCTAGAAx,-1.9943081,6.1768436,Pigment
nc01_zumi:GGAGCTACAGGCTTAGx,4.6160965,3.791854,mNC_arch1
nc01_zumi:GGAGCTACATAGCCTTx,4.9433274,3.3010812,mNC_arch2
nc01_zumi:GGAGCTACCGGAGAGAx,2.9317405,0.8727731,mNC_head_mesenchymal
nc01_zumi:GGAGCTACTATGCAGTx,2.5385463,6.6818857,mNC_vagal
nc01_zumi:GGAGCTACTCGCATAAx,8.168203,3.4677844,mNC_hox34
nc01_zumi:GGAGCTACTCTTACGCx,1.5823097,6.429668,mNC_vagal
nc01_zumi:GTAGAGGAAGAGGATAx,8.28165,3.0239985,mNC_hox34
nc01_zumi:GTAGAGGAAGCTAGAAx,2.043797,6.5838327,mNC_vagal
nc01_zumi:GTAGAGGAATAGCCTTx,5.3463035,2.8432808,mNC_arch2
nc01_zumi:GTAGAGGACGGAGAGAx,3.4632928,6.458575,mNC_vagal
nc01_zumi:GTAGAGGATCGCATAAx,2.1225004,6.190525,mNC_vagal
nc01_zumi:GTAGAGGATCTTACGCx,5.22252,3.4466474,mNC_arch2
nc01_zumi:TAAGGCGAAGAGGATAx,3.0419831,0.643065,mNC_head_mesenchymal
nc01_zumi:TAAGGCGAAGCTAGAAx,3.380779,6.735318,mNC_vagal
nc01_zumi:TAAGGCGAAGGCTTAGx,4.414894,3.6809223,mNC_arch1
nc01_zumi:TAAGGCGACGGAGAGAx,3.0939753,1.0918543,mNC_head_mesenchymal
nc01_zumi:TAAGGCGATCTTACGCx,3.4493172,0.3584491,mNC_head_mesenchymal
nc01_zumi:TACGCTGCAGAGGATAx,-2.253085,6.6331434,Pigment
nc01_zumi:TACGCTGCAGCTAGAAx,3.5990837,0.77545625,mNC_head_mesenchymal
nc01_zumi:TACGCTGCAGGCTTAGx,-1.8600394,6.8307557,Pigment
nc01_zumi:TACGCTGCATAGCCTTx,0.3249246,6.628542,mNC_vagal
nc01_zumi:TACGCTGCCGGAGAGAx,3.8807645,1.1094108,mNC_arch1
nc01_zumi:TACGCTGCTATGCAGTx,-1.705198,6.323889,Pigment
nc01_zumi:TACGCTGCTCGCATAAx,-1.5820434,6.7621493,Pigment
nc01_zumi:TACGCTGCTCTTACGCx,2.4781113,4.855,Pigment
nc01_zumi:TAGCGCTCAGAGGATAx,1.97646,0.36592638,mNC_head_mesenchymal
nc01_zumi:TAGCGCTCAGCTAGAAx,-2.1489286,6.2629046,Pigment
nc01_zumi:TAGCGCTCAGGCTTAGx,-1.768232,7.16775,Pigment
nc01_zumi:TAGCGCTCATAGCCTTx,7.9048877,2.836095,mNC_hox34
nc01_zumi:TAGCGCTCTATGCAGTx,1.0903598,6.748783,mNC_vagal
nc01_zumi:TAGCGCTCTCGCATAAx,7.798195,3.5639973,mNC_hox34
nc01_zumi:TAGCGCTCTCTTACGCx,6.7450275,3.891151,mNC_hox34
nc01_zumi:TAGGCATGAGAGGATAx,3.276129,0.74286824,mNC_head_mesenchymal
nc01_zumi:TAGGCATGAGCTAGAAx,-2.1287723,6.386302,Pigment
nc01_zumi:TAGGCATGAGGCTTAGx,2.958331,0.19991636,mNC_head_mesenchymal
nc01_zumi:TAGGCATGATAGCCTTx,4.6684303,4.3021173,mNC_arch2
nc01_zumi:TAGGCATGCGGAGAGAx,8.005318,3.3270743,mNC_hox34
nc01_zumi:TAGGCATGTATGCAGTx,4.056557,5.885054,mNC_vagal
nc01_zumi:TAGGCATGTCGCATAAx,4.7676563,1.3827451,mNC_arch1
nc01_zumi:TAGGCATGTCTTACGCx,8.646993,3.6894433,mNC_hox34
nc01_zumi:TCCTGAGCAGAGGATAx,2.5107524,7.0386505,mNC_vagal
nc01_zumi:TCCTGAGCAGGCTTAGx,1.546451,6.8922305,mNC_vagal
nc01_zumi:TCCTGAGCATAGCCTTx,2.3348243,6.365733,mNC_vagal
nc01_zumi:TCCTGAGCCGGAGAGAx,0.12331437,6.4233065,mNC_vagal
nc01_zumi:TCCTGAGCTATGCAGTx,2.1994424,0.30278385,mNC_head_mesenchymal
nc01_zumi:TCCTGAGCTCGCATAAx,2.744442,6.5810537,mNC_vagal
nc01_zumi:TCCTGAGCTCTTACGCx,3.7160895,4.105384,mNC_arch1
nc02_zumi:AAGAGGCAACTCTAGGx,7.3841352,9.561537,NPB_nohox
nc02_zumi:AAGAGGCAAGAGGATAx,6.0559454,11.283196,dNC_nohox
nc02_zumi:AAGAGGCAAGCTAGAAx,5.9404044,8.320872,dNC_nohox
nc02_zumi:AAGAGGCAATAGAGAGx,9.692451,6.4362216,dNC_hox34
nc02_zumi:AAGAGGCAATAGCCTTx,6.570445,6.6685123,dNC_hoxa2b
nc02_zumi:AAGAGGCAATTAGACGx,6.514747,10.477292,dNC_nohox
nc02_zumi:AAGAGGCACTCCTTACx,7.7341814,8.676405,dNC_nohox
nc02_zumi:AAGAGGCACTTAATAGx,7.2995343,8.767795,dNC_nohox
nc02_zumi:AAGAGGCATAAGGCTCx,7.375549,6.7579026,dNC_hoxa2b
nc02_zumi:AAGAGGCATCTTACGCx,5.690125,7.440451,NPB_hox3
nc02_zumi:ACTCGCTAACTCTAGGx,6.279161,8.706036,dNC_nohox
nc02_zumi:ACTCGCTAAGAGGATAx,6.1392517,9.517346,dNC_nohox
nc02_zumi:ACTCGCTAAGCTAGAAx,7.493717,7.0893874,dNC_hoxa2b
nc02_zumi:ACTCGCTAAGGCTTAGx,7.086976,10.784729,NPB_nohox
nc02_zumi:ACTCGCTAATAGAGAGx,6.7031856,8.886239,dNC_nohox
nc02_zumi:ACTCGCTAATTAGACGx,7.426612,8.380921,dNC_nohox
nc02_zumi:ACTCGCTACTAGTCGAx,7.6420965,7.623175,dNC_hoxa2b
nc02_zumi:ACTCGCTACTTAATAGx,7.9639893,9.62595,NPB_nohox
nc02_zumi:ACTCGCTATACTCCTTx,6.724063,9.321124,dNC_nohox
nc02_zumi:ACTCGCTATATGCAGTx,7.3796196,7.3148217,dNC_hox34
nc02_zumi:AGGCAGAAACTCTAGGx,6.7137084,9.482222,dNC_nohox
nc02_zumi:AGGCAGAAAGCTAGAAx,5.381872,9.698683,dNC_nohox
nc02_zumi:AGGCAGAAATAGAGAGx,7.1778903,8.710055,dNC_nohox
nc02_zumi:AGGCAGAAATTAGACGx,7.6434164,9.4262905,NPB_nohox
nc02_zumi:AGGCAGAACGGAGAGAx,5.8547897,9.137097,dNC_nohox
nc02_zumi:AGGCAGAACTAGTCGAx,6.4823747,10.133856,dNC_nohox
nc02_zumi:AGGCAGAACTCCTTACx,7.566564,9.224843,NPB_nohox
nc02_zumi:AGGCAGAATAAGGCTCx,7.7264776,6.4552107,dNC_hoxa2b
nc02_zumi:AGGCAGAATACTCCTTx,8.67425,8.805942,NPB_nohox
nc02_zumi:AGGCAGAATCGCATAAx,6.3274226,8.319056,dNC_nohox
nc02_zumi:AGGCAGAATCTTACGCx,6.0330806,10.245435,dNC_nohox
nc02_zumi:CCTAAGACCTCCTTACx,8.338095,9.008092,NPB_nohox
nc02_zumi:CCTAAGACCTTAATAGx,6.6735654,10.31544,dNC_nohox
nc02_zumi:CCTAAGACTAAGGCTCx,8.412516,8.467326,dNC_nohox
nc02_zumi:CCTAAGACTACTCCTTx,7.360665,6.610587,dNC_hoxa2b
nc02_zumi:CTCTCTACACTCTAGGx,7.246086,8.380475,dNC_nohox
nc02_zumi:CTCTCTACAGAGGATAx,6.8146305,7.0721054,dNC_hoxa2b
nc02_zumi:CTCTCTACAGGCTTAGx,9.693037,6.170578,dNC_hox34
nc02_zumi:CTCTCTACATAGAGAGx,7.454936,9.821326,NPB_nohox
nc02_zumi:CTCTCTACATTAGACGx,7.29802,10.510542,dNC_nohox
nc02_zumi:CTCTCTACCTAGTCGAx,6.489652,8.804463,dNC_nohox
nc02_zumi:CTCTCTACCTTAATAGx,7.0164256,10.910629,NPB_nohox
nc02_zumi:CTCTCTACTATGCAGTx,6.744104,7.0420947,dNC_hoxa2b
nc02_zumi:CTCTCTACTCGCATAAx,6.812813,6.4270887,dNC_hoxa2b
nc02_zumi:CTCTCTACTCTTACGCx,5.6146164,8.756818,dNC_nohox
nc02_zumi:GCGTAGTAACTCTAGGx,8.152262,9.426421,NPB_nohox
nc02_zumi:GCGTAGTATAAGGCTCx,6.893002,9.017175,dNC_nohox
nc02_zumi:GCGTAGTATACTCCTTx,7.857812,7.140546,dNC_hoxa2b
nc02_zumi:GCTCATGAACTCTAGGx,7.610002,9.108245,NPB_nohox
nc02_zumi:GCTCATGAAGGCTTAGx,2.2166057,3.8252106,dNC_nohox
nc02_zumi:GCTCATGAATAGAGAGx,5.756669,9.542904,dNC_nohox
nc02_zumi:GCTCATGAATAGCCTTx,5.6445427,9.356505,NPB_nohox
nc02_zumi:GCTCATGACGGAGAGAx,7.2844877,10.877081,NPB_nohox
nc02_zumi:GCTCATGACTAGTCGAx,8.748904,8.313868,NPB_nohox
nc02_zumi:GCTCATGACTCCTTACx,8.37838,8.742121,dNC_nohox
nc02_zumi:GCTCATGATAAGGCTCx,7.772507,7.6675396,dNC_hoxa2b
nc02_zumi:GCTCATGATACTCCTTx,7.3278375,7.281672,dNC_hoxa2b
nc02_zumi:GCTCATGATCTTACGCx,6.6957893,6.267369,dNC_hoxa2b
nc02_zumi:GGACTCCTACTCTAGGx,7.8135486,9.91179,NPB_nohox
nc02_zumi:GGACTCCTAGAGGATAx,5.612448,9.910843,dNC_nohox
nc02_zumi:GGACTCCTATAGAGAGx,6.618707,8.776791,dNC_nohox
nc02_zumi:GGACTCCTATAGCCTTx,6.509781,7.0206513,dNC_hoxa2b
nc02_zumi:GGACTCCTATTAGACGx,6.538603,10.173622,dNC_nohox
nc02_zumi:GGACTCCTCTAGTCGAx,9.800463,6.466746,dNC_hox34
nc02_zumi:GGACTCCTCTCCTTACx,8.880779,6.9772353,dNC_hox34
nc02_zumi:GGACTCCTCTTAATAGx,8.12787,9.982578,NPB_nohox
nc02_zumi:GGACTCCTTCGCATAAx,6.327941,10.767693,dNC_nohox
nc02_zumi:GGACTCCTTCTTACGCx,6.5155935,9.5246105,dNC_nohox
nc02_zumi:TAAGGCGAACTCTAGGx,7.6077456,10.60979,NPB_nohox
nc02_zumi:TAAGGCGAAGAGGATAx,5.363615,8.484042,dNC_nohox
nc02_zumi:TAAGGCGAAGGCTTAGx,6.158258,8.914355,dNC_nohox
nc02_zumi:TAAGGCGAATAGAGAGx,7.4384623,6.2783065,dNC_hoxa2b
nc02_zumi:TAAGGCGACTAGTCGAx,7.983932,8.4523115,dNC_nohox
nc02_zumi:TAAGGCGACTTAATAGx,9.863051,6.316022,dNC_hox34
nc02_zumi:TAAGGCGATACTCCTTx,7.9086194,10.268807,NPB_nohox
nc02_zumi:TAAGGCGATATGCAGTx,5.861756,8.042831,NPB_hox3
nc02_zumi:TACGCTGCCTAGTCGAx,7.9110665,10.180373,NPB_nohox
nc02_zumi:TACGCTGCCTCCTTACx,7.61929,7.196656,dNC_hoxa2b
nc02_zumi:TACGCTGCCTTAATAGx,7.4874024,6.6506042,dNC_hoxa2b
nc02_zumi:TACGCTGCTAAGGCTCx,7.4868774,9.943569,NPB_nohox
nc02_zumi:TACGCTGCTACTCCTTx,7.2178016,9.985016,dNC_nohox
nc02_zumi:TAGCGCTCACTCTAGGx,7.282067,9.022326,dNC_nohox
nc02_zumi:TAGCGCTCATTAGACGx,7.4816003,8.736947,NPB_nohox
nc02_zumi:TAGCGCTCCTCCTTACx,6.8009133,9.089173,dNC_nohox
nc02_zumi:TAGCGCTCTAAGGCTCx,8.347404,8.596978,dNC_nohox
nc02_zumi:TAGCGCTCTACTCCTTx,8.020231,8.649304,dNC_nohox
nc02_zumi:TGCAGCTAATAGAGAGx,7.1385813,9.247136,dNC_nohox
nc02_zumi:TGCAGCTACTAGTCGAx,7.747493,9.980393,NPB_nohox
nc02_zumi:TGCAGCTACTTAATAGx,7.937534,10.19558,NPB_nohox
nc03_zumi:AAGAGGCAACTCTAGGx,6.6448956,5.716666,mNC_arch2
nc03_zumi:AAGAGGCAATAGAGAGx,6.139064,5.906421,mNC_arch2
nc03_zumi:AAGAGGCAATTAGACGx,3.5780048,3.3911693,mNC_arch1
nc03_zumi:AAGAGGCACTAGTCGAx,4.986995,6.7789273,NPB_hox3
nc03_zumi:AAGAGGCACTCCTTACx,2.0482128,5.557246,Pigment
nc03_zumi:AAGAGGCATAAGGCTCx,4.131313,4.074318,mNC_nohox
nc03_zumi:AAGAGGCATACTCCTTx,3.2664292,3.9342628,mNC_nohox
nc03_zumi:ACTCGCTAACTCTAGGx,3.7458398,4.73928,mNC_nohox
nc03_zumi:ACTCGCTAATTAGACGx,4.8050303,4.0804443,mNC_nohox
nc03_zumi:ACTCGCTACTAGTCGAx,1.3025132,5.755253,Pigment
nc03_zumi:ACTCGCTATAAGGCTCx,2.1982276,3.255355,mNC_nohox
nc03_zumi:ACTCGCTATACTCCTTx,2.4760213,3.8221622,mNC_nohox
nc03_zumi:AGGCAGAAACTCTAGGx,3.3728557,3.5282676,mNC_nohox
nc03_zumi:AGGCAGAAATAGAGAGx,6.3238344,5.2505236,mNC_arch2
nc03_zumi:AGGCAGAAATTAGACGx,6.697814,5.6351833,mNC_arch2
nc03_zumi:AGGCAGAACTAGTCGAx,6.719521,6.037075,dNC_hoxa2b
nc03_zumi:AGGCAGAACTTAATAGx,3.4957356,4.767693,mNC_nohox
nc03_zumi:AGGCAGAATAAGGCTCx,6.3197846,6.1360173,dNC_hoxa2b
nc03_zumi:ATCTCAGGATTAGACGx,4.4345045,4.912979,mNC_nohox
nc03_zumi:ATCTCAGGTACTCCTTx,5.283233,5.614429,mNC_vagal
nc03_zumi:ATGCGCAGACTCTAGGx,6.167933,5.703471,dNC_hox34
nc03_zumi:ATGCGCAGCTCCTTACx,6.5119762,5.8745694,mNC_arch2
nc03_zumi:ATGCGCAGCTTAATAGx,2.9147003,3.4850807,mNC_nohox
nc03_zumi:ATGCGCAGTACTCCTTx,9.473739,5.6160955,dNC_hox34
nc03_zumi:CCTAAGACATTAGACGx,4.5352073,7.3555775,NPB_hox3
nc03_zumi:CCTAAGACCTAGTCGAx,4.330134,4.016447,mNC_nohox
nc03_zumi:CCTAAGACCTCCTTACx,2.4559755,3.0768893,mNC_nohox
nc03_zumi:CCTAAGACCTTAATAGx,2.4656253,5.48377,mNC_nohox
nc03_zumi:CCTAAGACTAAGGCTCx,2.6977572,3.1887913,mNC_nohox
nc03_zumi:CGAGGCTGATTAGACGx,6.02914,7.8895864,NPB_hox3
nc03_zumi:CGAGGCTGCTTAATAGx,5.651942,5.1050587,mNC_arch2
nc03_zumi:CGATCAGTATTAGACGx,1.591624,3.2976317,mNC_nohox
nc03_zumi:CGATCAGTCTAGTCGAx,1.7383623,3.768256,mNC_nohox
nc03_zumi:CGATCAGTCTTAATAGx,1.724078,3.3559937,mNC_nohox
nc03_zumi:CGATCAGTTACTCCTTx,3.685329,4.7970333,mNC_nohox
nc03_zumi:CGGAGCCTATTAGACGx,1.8530787,3.9629498,mNC_nohox
nc03_zumi:CGTACTAGCTCCTTACx,1.6572014,3.6459587,mNC_nohox
nc03_zumi:CGTACTAGCTTAATAGx,9.079333,5.090082,mNC_hox34
nc03_zumi:CGTACTAGTAAGGCTCx,1.7755551,3.6618674,mNC_nohox
nc03_zumi:CGTACTAGTACTCCTTx,4.3106027,4.5682554,mNC_nohox
nc03_zumi:CTCTCTACACTCTAGGx,6.45933,5.732537,mNC_arch2
nc03_zumi:CTCTCTACATAGAGAGx,5.819393,5.281955,mNC_arch2
nc03_zumi:CTCTCTACATTAGACGx,1.8412925,5.525796,Pigment
nc03_zumi:CTCTCTACCTAGTCGAx,4.062942,5.0065513,mNC_nohox
nc03_zumi:CTCTCTACCTCCTTACx,1.8687899,5.7746525,Pigment
nc03_zumi:CTCTCTACTAAGGCTCx,3.6891496,5.352704,mNC_nohox
nc03_zumi:CTCTCTACTACTCCTTx,9.67346,5.9944534,dNC_hox34
nc03_zumi:GCGTAGTAATTAGACGx,2.3967621,3.6351476,mNC_nohox
nc03_zumi:GCGTAGTACTAGTCGAx,5.3588305,6.3785987,NPB_hox3
nc03_zumi:GCGTAGTACTTAATAGx,3.1373792,5.235915,mNC_nohox
nc03_zumi:GCGTAGTATAAGGCTCx,2.6435356,3.7203212,mNC_nohox
nc03_zumi:GCGTAGTATACTCCTTx,2.645493,3.156081,mNC_nohox
nc03_zumi:GCTCATGAATAGAGAGx,4.5783725,4.5353284,mNC_nohox
nc03_zumi:GCTCATGAATTAGACGx,5.9939356,4.728633,mNC_arch2
nc03_zumi:GCTCATGACTAGTCGAx,3.995754,4.3369107,mNC_nohox
nc03_zumi:GCTCATGACTCCTTACx,3.5066838,3.9814687,mNC_nohox
nc03_zumi:GCTCATGACTTAATAGx,3.924899,3.6297581,mNC_nohox
nc03_zumi:GCTCATGATACTCCTTx,9.9209,5.8688216,dNC_hox34
nc03_zumi:GGACTCCTATTAGACGx,2.962045,2.9169254,mNC_nohox
nc03_zumi:GGACTCCTCTAGTCGAx,6.956208,5.8011594,mNC_arch2
nc03_zumi:GGACTCCTCTCCTTACx,2.0745935,4.589861,mNC_nohox
nc03_zumi:GGACTCCTTAAGGCTCx,9.711968,5.6078806,dNC_hox34
nc03_zumi:GGAGCTACCTTAATAGx,3.562512,4.248492,mNC_nohox
nc03_zumi:GGAGCTACTACTCCTTx,6.432377,5.4469066,mNC_arch2
nc03_zumi:GTAGAGGACTAGTCGAx,4.8130374,6.7984447,NPB_hox3
nc03_zumi:GTAGAGGACTTAATAGx,5.289913,5.107578,mNC_vagal
nc03_zumi:GTAGAGGATAAGGCTCx,3.8906932,3.755928,mNC_nohox
nc03_zumi:GTAGAGGATACTCCTTx,6.46771,5.780672,mNC_arch2
nc03_zumi:TAAGGCGAACTCTAGGx,6.0648246,6.60625,dNC_hoxa2b
nc03_zumi:TAAGGCGAATAGAGAGx,4.2811627,4.463809,mNC_nohox
nc03_zumi:TAAGGCGAATTAGACGx,9.845786,5.9652114,dNC_hox34
nc03_zumi:TAAGGCGACTAGTCGAx,6.0760045,5.495779,mNC_arch2
nc03_zumi:TAAGGCGACTCCTTACx,2.1876743,2.7926326,mNC_nohox
nc03_zumi:TAAGGCGACTTAATAGx,3.0906405,5.4527664,mNC_nohox
nc03_zumi:TAAGGCGATAAGGCTCx,1.9741896,5.7072744,Pigment
nc03_zumi:TAAGGCGATACTCCTTx,4.052447,4.410202,mNC_nohox
nc03_zumi:TACGCTGCACTCTAGGx,1.8992612,2.7831826,mNC_nohox
nc03_zumi:TACGCTGCATAGAGAGx,4.1791143,7.5197186,NPB_hox3
nc03_zumi:TACGCTGCATTAGACGx,2.6568942,3.3850803,mNC_nohox
nc03_zumi:TACGCTGCCTAGTCGAx,1.8106349,5.8016853,Pigment
nc03_zumi:TACGCTGCCTCCTTACx,3.424648,4.254025,mNC_nohox
nc03_zumi:TACGCTGCTAAGGCTCx,1.4598842,5.8332543,Pigment
nc03_zumi:TACGCTGCTACTCCTTx,4.7435474,4.1858034,mNC_nohox
nc03_zumi:TAGCGCTCACTCTAGGx,4.1766815,3.9456406,mNC_nohox
nc03_zumi:TAGCGCTCATAGAGAGx,2.700286,3.5382903,mNC_nohox
nc03_zumi:TAGCGCTCATTAGACGx,6.324092,5.544249,mNC_arch2
nc03_zumi:TAGCGCTCCTAGTCGAx,3.7334156,4.392297,mNC_nohox
nc03_zumi:TAGCGCTCCTCCTTACx,1.6664413,5.5180087,Pigment
nc03_zumi:TAGCGCTCTAAGGCTCx,2.526737,4.047073,mNC_nohox
nc03_zumi:TAGCGCTCTACTCCTTx,4.1511817,7.3540916,NPB_hox3
nc03_zumi:TAGGCATGCTAGTCGAx,1.969383,3.1397395,mNC_nohox
nc03_zumi:TAGGCATGCTCCTTACx,2.1882796,3.3710024,mNC_nohox
nc03_zumi:TCCTGAGCCTCCTTACx,1.637527,3.577004,mNC_nohox
nc03_zumi:TCCTGAGCTACTCCTTx,1.9616139,3.435261,mNC_nohox
nc03_zumi:TGCAGCTAATTAGACGx,9.372082,6.018647,dNC_hox34
nc03_zumi:TGCAGCTACTAGTCGAx,8.976182,5.3509755,dNC_hox34
nc03_zumi:TGCAGCTACTCCTTACx,4.052276,5.3774753,mNC_nohox
nc03_zumi:TGCAGCTATACTCCTTx,3.7588637,4.0613284,mNC_nohox
nc04_zumi:AAGAGGCAAGAGGATAx,6.1599283,10.535899,dNC_nohox
nc04_zumi:AAGAGGCAATAGCCTTx,6.7356153,6.5197954,dNC_hoxa2b
nc04_zumi:AAGAGGCATATGCAGTx,6.99665,6.53333,dNC_hoxa2b
nc04_zumi:ACTCGCTAAGAGGATAx,5.9661784,11.033298,dNC_nohox
nc04_zumi:ACTCGCTAAGCTAGAAx,6.7619023,8.464636,dNC_nohox
nc04_zumi:ACTCGCTAATAGCCTTx,7.2514615,6.391635,dNC_hoxa2b
nc04_zumi:ACTCGCTATATGCAGTx,6.753592,8.778116,dNC_nohox
nc04_zumi:ACTCGCTATCGCATAAx,6.5412316,7.6496944,NPB_hox3
nc04_zumi:ACTCGCTATCTTACGCx,6.4553595,6.827572,dNC_hoxa2b
nc04_zumi:ACTGAGCGCTCCTTACx,0.497338,6.273842,mNC_vagal
nc04_zumi:AGGCAGAAAGAGGATAx,8.069066,9.719524,NPB_nohox
nc04_zumi:AGGCAGAAAGCTAGAAx,6.0778675,7.636231,NPB_hox3
nc04_zumi:AGGCAGAAATAGCCTTx,5.834607,10.835491,dNC_nohox
nc04_zumi:ATCTCAGGATAGAGAGx,2.4641252,0.33690253,mNC_head_mesenchymal
nc04_zumi:ATCTCAGGATTAGACGx,4.3048263,2.0584195,mNC_arch1
nc04_zumi:ATGCGCAGCTCCTTACx,4.547609,1.6549748,mNC_arch1
nc04_zumi:ATGCGCAGTAAGGCTCx,8.4934635,3.9699655,mNC_hox34
nc04_zumi:ATGCGCAGTACTCCTTx,2.624992,0.05305994,mNC_head_mesenchymal
nc04_zumi:CCTAAGACAGAGGATAx,5.935422,10.88527,dNC_nohox
nc04_zumi:CCTAAGACAGCTAGAAx,5.655679,10.7754545,dNC_nohox
nc04_zumi:CCTAAGACTATGCAGTx,7.575794,10.731337,NPB_nohox
nc04_zumi:CCTAAGACTCGCATAAx,5.3085804,10.3584,dNC_nohox
nc04_zumi:CCTAAGACTCTTACGCx,9.630113,6.114805,dNC_hox34
nc04_zumi:CGATCAGTATAGAGAGx,2.506864,6.18468,mNC_vagal
nc04_zumi:CGATCAGTATTAGACGx,3.3862743,0.62672824,mNC_head_mesenchymal
nc04_zumi:CGATCAGTCTCCTTACx,0.6195732,6.150564,mNC_vagal
nc04_zumi:CGATCAGTCTTAATAGx,5.538136,3.2475183,mNC_arch2
nc04_zumi:CGGAGCCTACTCTAGGx,7.439558,4.0052423,mNC_hox34
nc04_zumi:CGGAGCCTCTCCTTACx,4.4467053,1.6856046,mNC_arch1
nc04_zumi:CGGAGCCTCTTAATAGx,4.9311123,3.747696,mNC_arch2
nc04_zumi:CGGAGCCTTAAGGCTCx,5.328074,1.452868,mNC_arch2
nc04_zumi:CGTACTAGCTAGTCGAx,4.3991847,1.847751,mNC_arch1
nc04_zumi:CTCTCTACAGGCTTAGx,6.981298,6.189365,dNC_hoxa2b
nc04_zumi:CTCTCTACATAGCCTTx,5.600886,8.772555,dNC_nohox
nc04_zumi:CTCTCTACTATGCAGTx,7.271566,6.226243,dNC_hoxa2b
nc04_zumi:CTCTCTACTCGCATAAx,5.865612,8.358301,dNC_nohox
nc04_zumi:CTCTCTACTCTTACGCx,7.143405,6.74995,dNC_hoxa2b
nc04_zumi:GCGTAGTAAGCTAGAAx,7.469985,10.695398,NPB_nohox
nc04_zumi:GCGTAGTAAGGCTTAGx,9.1971,6.6653776,dNC_hox34
nc04_zumi:GCGTAGTACGGAGAGAx,5.6331267,10.574139,dNC_nohox
nc04_zumi:GCGTAGTATCTTACGCx,5.520986,8.925153,dNC_nohox
nc04_zumi:GCTCATGAAGCTAGAAx,5.402723,10.643081,dNC_nohox
nc04_zumi:GCTCATGAAGGCTTAGx,5.498916,8.618579,dNC_nohox
nc04_zumi:GCTCATGAATAGCCTTx,7.1356244,6.711467,dNC_hoxa2b
nc04_zumi:GCTCATGATATGCAGTx,5.7961946,9.971198,dNC_nohox
nc04_zumi:GCTCATGATCGCATAAx,5.3994613,7.4919558,NPB_hox3
nc04_zumi:GGACTCCTAGCTAGAAx,6.1468863,8.668308,dNC_nohox
nc04_zumi:GGACTCCTATAGCCTTx,7.138882,6.32175,dNC_hoxa2b
nc04_zumi:GGACTCCTTATGCAGTx,5.90007,7.423924,NPB_hox3
nc04_zumi:GGACTCCTTCGCATAAx,6.0070114,8.669001,dNC_nohox
nc04_zumi:GGAGCTACCTTAATAGx,7.091637,3.4946105,mNC_hox34
nc04_zumi:GGAGCTACTAAGGCTCx,-1.4554207,6.5996766,Pigment
nc04_zumi:GGAGCTACTACTCCTTx,4.8358116,1.7343022,mNC_arch2
nc04_zumi:GTAGAGGAACTCTAGGx,2.877514,7.433952,mNC_vagal
nc04_zumi:GTAGAGGACTAGTCGAx,8.602444,4.3850794,mNC_hox34
nc04_zumi:GTAGAGGACTCCTTACx,1.3092178,6.488274,mNC_vagal
nc04_zumi:GTAGAGGATAAGGCTCx,1.1049863,5.922721,mNC_vagal
nc04_zumi:TAAGGCGACGGAGAGAx,6.353896,9.7247715,dNC_nohox
nc04_zumi:TAAGGCGATATGCAGTx,9.425027,6.113057,dNC_hox34
nc04_zumi:TAAGGCGATCTTACGCx,7.5168324,10.561199,NPB_nohox
nc04_zumi:TACGCTGCAGAGGATAx,8.941769,6.3588758,dNC_hox34
nc04_zumi:TACGCTGCAGCTAGAAx,5.798557,10.38871,dNC_nohox
nc04_zumi:TACGCTGCTCGCATAAx,5.8259015,10.707817,dNC_nohox
nc04_zumi:TAGCGCTCAGAGGATAx,5.3311167,9.712686,dNC_nohox
nc04_zumi:TAGCGCTCAGCTAGAAx,6.7738028,8.626728,dNC_nohox
nc04_zumi:TAGCGCTCATAGCCTTx,9.327651,6.375132,dNC_hox34
nc04_zumi:TAGCGCTCCGGAGAGAx,5.9219184,7.599865,NPB_hox3
nc04_zumi:TAGCGCTCTATGCAGTx,8.92158,6.4512963,dNC_hox34
nc04_zumi:TAGCGCTCTCGCATAAx,5.7198296,10.997655,dNC_nohox
nc04_zumi:TAGCGCTCTCTTACGCx,5.875453,11.086487,dNC_nohox
nc04_zumi:TAGGCATGCTCCTTACx,2.414213,6.4064465,mNC_vagal
nc04_zumi:TCCTGAGCACTCTAGGx,7.807023,3.6845758,mNC_hox34
nc04_zumi:TCCTGAGCCTCCTTACx,-0.18974183,6.807003,mNC_vagal
nc04_zumi:TCGACGTCACTCTAGGx,2.017773,3.1117191,mNC_nohox
nc04_zumi:TCGACGTCATAGAGAGx,2.7246823,7.247665,mNC_vagal
nc04_zumi:TCGACGTCATTAGACGx,2.2872756,0.08563895,mNC_head_mesenchymal
nc04_zumi:TGCAGCTAAGAGGATAx,6.2668424,10.454378,dNC_nohox
nc04_zumi:TGCAGCTAATAGCCTTx,4.704895,7.454275,NPB_hox3
nc04_zumi:TGCAGCTACGGAGAGAx,5.3831067,9.100163,dNC_nohox
nc04_zumi:TGCAGCTATCTTACGCx,5.7320113,9.694053,NPB_nohox
nc05_zumi:AAGAGGCAATTAGACGx,7.3182163,9.226214,dNC_nohox
nc05_zumi:AAGAGGCACTAGTCGAx,7.262404,10.162543,NPB_nohox
nc05_zumi:AAGAGGCACTCCTTACx,6.916883,10.253819,dNC_nohox
nc05_zumi:AAGAGGCATACTCCTTx,7.739396,6.9053698,dNC_hoxa2b
nc05_zumi:ACTGAGCGAGAGGATAx,6.095715,10.6811,dNC_nohox
nc05_zumi:AGGCAGAAACTCTAGGx,7.971153,6.836778,dNC_hoxa2b
nc05_zumi:AGGCAGAAATAGAGAGx,2.891082,0.19985603,mNC_head_mesenchymal
nc05_zumi:AGGCAGAAATTAGACGx,6.362192,10.731228,dNC_nohox
nc05_zumi:AGGCAGAACTAGTCGAx,7.296957,6.9952087,dNC_hoxa2b
nc05_zumi:ATCTCAGGTCGCATAAx,6.611154,10.9453745,dNC_nohox
nc05_zumi:ATGCGCAGTATGCAGTx,6.2433977,10.400771,dNC_nohox
nc05_zumi:ATGCGCAGTCGCATAAx,9.948071,6.2808228,dNC_hox34
nc05_zumi:GCGTAGTAATTAGACGx,6.8535166,9.808321,dNC_nohox
nc05_zumi:GCTCATGACTAGTCGAx,7.1487503,9.691523,NPB_nohox
nc05_zumi:GCTCATGACTTAATAGx,7.1099973,10.321766,dNC_nohox
nc05_zumi:GCTCATGATAAGGCTCx,6.9923105,9.970287,dNC_nohox
nc05_zumi:GCTCATGATACTCCTTx,7.3392544,9.537211,NPB_nohox
nc05_zumi:GGACTCCTACTCTAGGx,7.731818,9.55441,NPB_nohox
nc05_zumi:GGACTCCTTACTCCTTx,7.3715606,10.221011,NPB_nohox
nc05_zumi:GGAGCTACAGGCTTAGx,5.988643,9.414502,dNC_nohox
nc05_zumi:GGAGCTACCGGAGAGAx,6.376084,10.816562,dNC_nohox
nc05_zumi:GTAGAGGACGGAGAGAx,6.276702,9.236409,dNC_nohox
nc05_zumi:TACGCTGCCTCCTTACx,7.848197,6.649202,dNC_hoxa2b
nc05_zumi:TAGCGCTCCTCCTTACx,6.7086854,9.623599,dNC_nohox
nc05_zumi:TAGGCATGAGGCTTAGx,6.7283015,10.812706,dNC_nohox
nc05_zumi:TCGACGTCTATGCAGTx,10.167776,5.8448105,dNC_hox34
nc05_zumi:TGCAGCTACTTAATAGx,8.568244,8.540775,NPB_nohox
nc06_zumi:AAGAGGCAAGCTAGAAx,7.305539,3.854685,mNC_hox34
nc06_zumi:AAGAGGCAAGGCTTAGx,4.362379,3.4236987,mNC_arch1
nc06_zumi:AAGAGGCAATAGCCTTx,1.9073253,0.35896626,mNC_head_mesenchymal
nc06_zumi:AAGAGGCATATGCAGTx,4.1712,6.0426564,mNC_vagal
nc06_zumi:AAGAGGCATCGCATAAx,1.5107871,5.257029,Pigment
nc06_zumi:AAGAGGCATCTTACGCx,-1.875046,6.019424,Pigment
nc06_zumi:ACTCGCTAAGAGGATAx,2.7868488,6.706788,mNC_vagal
nc06_zumi:ACTCGCTAAGCTAGAAx,6.991239,3.9882565,mNC_hox34
nc06_zumi:ACTCGCTAAGGCTTAGx,2.4377367,-0.407918,mNC_head_mesenchymal
nc06_zumi:ACTCGCTAATAGCCTTx,5.364355,1.91189,mNC_arch2
nc06_zumi:ACTCGCTATATGCAGTx,3.4603558,7.5909047,mNC_vagal
nc06_zumi:ACTCGCTATCGCATAAx,3.764228,6.8510575,mNC_vagal
nc06_zumi:AGGCAGAAAGAGGATAx,3.2575557,6.584631,mNC_vagal
nc06_zumi:AGGCAGAAAGGCTTAGx,5.410753e-05,6.260374,mNC_vagal
nc06_zumi:AGGCAGAAATAGCCTTx,4.784711,3.411874,mNC_arch2
nc06_zumi:AGGCAGAACGGAGAGAx,6.2453847,4.267542,mNC_vagal
nc06_zumi:AGGCAGAATATGCAGTx,0.26601776,6.2930355,mNC_vagal
nc06_zumi:AGGCAGAATCGCATAAx,2.6477194,6.2819033,mNC_vagal
nc06_zumi:AGGCAGAATCTTACGCx,-1.6429139,6.127842,Pigment
nc06_zumi:CCTAAGACAGAGGATAx,4.000108,2.5838873,mNC_arch1
nc06_zumi:CCTAAGACAGCTAGAAx,2.1542814,0.029147727,mNC_head_mesenchymal
nc06_zumi:CCTAAGACAGGCTTAGx,6.7608304,3.539138,mNC_hox34
nc06_zumi:CCTAAGACATAGCCTTx,3.5344484,0.97188693,mNC_head_mesenchymal
nc06_zumi:CCTAAGACCGGAGAGAx,2.4917476,3.3065867,mNC_nohox
nc06_zumi:CCTAAGACTATGCAGTx,3.4893646,0.32088116,mNC_head_mesenchymal
nc06_zumi:CGATCAGTAGCTAGAAx,7.994015,9.563993,NPB_nohox
nc06_zumi:CTCTCTACAGAGGATAx,3.487614,7.9455047,mNC_vagal
nc06_zumi:CTCTCTACAGCTAGAAx,3.3448362,7.2245917,mNC_vagal
nc06_zumi:CTCTCTACATAGCCTTx,3.904396,6.1630936,mNC_vagal
nc06_zumi:CTCTCTACCGGAGAGAx,3.51838,7.3440185,mNC_vagal
nc06_zumi:CTCTCTACTATGCAGTx,3.7926521,8.007033,NC_trunk
nc06_zumi:CTCTCTACTCGCATAAx,1.4229896,5.769517,Pigment
nc06_zumi:CTCTCTACTCTTACGCx,3.2898076,0.44420725,mNC_head_mesenchymal
nc06_zumi:GCGTAGTAAGAGGATAx,2.7188091,1.4364213,mNC_head_mesenchymal
nc06_zumi:GCGTAGTAAGCTAGAAx,2.9856985,7.0627384,mNC_vagal
nc06_zumi:GCGTAGTAAGGCTTAGx,2.8518012,6.7795362,mNC_vagal
nc06_zumi:GCGTAGTAATAGCCTTx,-1.7446208,6.8761697,Pigment
nc06_zumi:GCGTAGTACGGAGAGAx,6.8005266,3.536195,mNC_hox34
nc06_zumi:GCGTAGTATATGCAGTx,7.8996572,4.1689243,mNC_hox34
nc06_zumi:GCGTAGTATCGCATAAx,5.571125,2.9630072,mNC_arch2
nc06_zumi:GCGTAGTATCTTACGCx,5.2616806,3.5895357,mNC_arch2
nc06_zumi:GCTCATGAAGAGGATAx,0.9738798,6.095587,mNC_vagal
nc06_zumi:GCTCATGAAGCTAGAAx,4.67824,5.4075117,mNC_vagal
nc06_zumi:GCTCATGAATAGCCTTx,6.4511313,4.141333,mNC_hox34
nc06_zumi:GCTCATGACGGAGAGAx,2.3544776,0.9444438,mNC_head_mesenchymal
nc06_zumi:GCTCATGATATGCAGTx,3.8848279,3.8096569,Pigment
nc06_zumi:GCTCATGATCGCATAAx,1.8389332,6.8244896,mNC_vagal
nc06_zumi:GCTCATGATCTTACGCx,5.4192367,1.9562621,mNC_arch2
nc06_zumi:GGACTCCTAGAGGATAx,4.4034986,2.462367,mNC_arch1
nc06_zumi:GGACTCCTAGCTAGAAx,4.048382,2.7214088,mNC_arch1
nc06_zumi:GGACTCCTAGGCTTAGx,7.9802465,3.872386,mNC_hox34
nc06_zumi:GGACTCCTATAGCCTTx,6.20825,3.6508236,mNC_vagal
nc06_zumi:GGACTCCTCGGAGAGAx,7.5903497,3.80206,mNC_hox34
nc06_zumi:GGACTCCTTATGCAGTx,8.487639,3.8535504,mNC_hox34
nc06_zumi:GGACTCCTTCGCATAAx,3.3318193,0.69153714,mNC_head_mesenchymal
nc06_zumi:GGACTCCTTCTTACGCx,1.695896,5.4104576,Pigment
nc06_zumi:GGAGCTACATAGCCTTx,8.792329,8.461177,NPB_nohox
nc06_zumi:TAAGGCGAAGAGGATAx,8.261419,3.9558392,mNC_hox34
nc06_zumi:TAAGGCGAAGCTAGAAx,3.934622,8.012094,mNC_vagal
nc06_zumi:TAAGGCGAAGGCTTAGx,5.14004,1.3030581,mNC_arch1
nc06_zumi:TAAGGCGAATAGCCTTx,5.480926,2.2979667,mNC_arch2
nc06_zumi:TAAGGCGATATGCAGTx,7.211767,3.7250996,mNC_hox34
nc06_zumi:TACGCTGCAGAGGATAx,4.0453334,3.5554798,mNC_arch1
nc06_zumi:TACGCTGCAGCTAGAAx,4.5622964,2.281697,mNC_arch1
nc06_zumi:TACGCTGCTCTTACGCx,2.7644827,7.243882,mNC_vagal
nc06_zumi:TAGCGCTCAGCTAGAAx,5.0152183,3.24359,mNC_arch2
nc06_zumi:TAGCGCTCAGGCTTAGx,3.1101243,7.3024044,mNC_vagal
nc06_zumi:TAGCGCTCTATGCAGTx,2.9865289,-0.24680898,mNC_head_mesenchymal
nc06_zumi:TGCAGCTAAGAGGATAx,5.4834137,3.6121347,mNC_arch2
nc06_zumi:TGCAGCTAAGCTAGAAx,2.865122,2.4291682,mNC_arch1
nc06_zumi:TGCAGCTAAGGCTTAGx,2.0532343,1.3796092,mNC_head_mesenchymal
nc06_zumi:TGCAGCTAATAGCCTTx,2.684173,1.1656766,mNC_head_mesenchymal
nc06_zumi:TGCAGCTACGGAGAGAx,7.3243685,4.1006904,mNC_hox34
nc06_zumi:TGCAGCTATATGCAGTx,3.4162896,6.947674,mNC_vagal
nc06_zumi:TGCAGCTATCTTACGCx,6.8538074,3.6019173,mNC_hox34
nc07_zumi:AAGAGGCATAAGGCTCx,6.3502107,10.453507,dNC_nohox
nc07_zumi:ACTCGCTACTAGTCGAx,5.8122125,9.07846,dNC_nohox
nc07_zumi:ACTGAGCGACTCTAGGx,6.9023347,9.619599,dNC_nohox
nc07_zumi:ATGCGCAGTAAGGCTCx,6.7035236,10.470843,dNC_nohox
nc07_zumi:CCTAAGACCTAGTCGAx,6.6810594,7.305584,dNC_hoxa2b
nc07_zumi:CGAGGCTGATTAGACGx,7.4474764,9.244163,NPB_nohox
nc07_zumi:CGAGGCTGTACTCCTTx,7.3205676,8.613917,dNC_nohox
nc07_zumi:CGATCAGTCTAGTCGAx,6.8415694,9.883458,dNC_nohox
nc07_zumi:CGATCAGTCTCCTTACx,7.457282,6.620926,dNC_hoxa2b
nc07_zumi:CGATCAGTTACTCCTTx,7.254718,9.601385,NPB_nohox
nc07_zumi:CGGAGCCTATTAGACGx,7.017021,10.161346,dNC_nohox
nc07_zumi:CGTACTAGACTCTAGGx,8.0019245,8.730014,dNC_nohox
nc07_zumi:CGTACTAGCTAGTCGAx,6.6495647,8.530457,dNC_nohox
nc07_zumi:CGTACTAGCTCCTTACx,8.544591,8.089242,dNC_hoxa2b
nc07_zumi:CGTACTAGTACTCCTTx,6.951907,10.637166,dNC_nohox
nc07_zumi:CTCTCTACACTCTAGGx,8.801864,6.625667,dNC_hox34
nc07_zumi:CTCTCTACCTAGTCGAx,8.4211235,6.843098,dNC_hox34
nc07_zumi:GCGTAGTATAAGGCTCx,6.0761857,8.826978,dNC_nohox
nc07_zumi:GCTCATGACTAGTCGAx,7.2898808,11.097162,NPB_nohox
nc07_zumi:GGACTCCTACTCTAGGx,5.847223,9.133796,dNC_nohox
nc07_zumi:GGACTCCTCTCCTTACx,5.524041,9.496519,dNC_nohox
nc07_zumi:GGAGCTACATTAGACGx,7.444081,10.465996,NPB_nohox
nc07_zumi:GTAGAGGAATTAGACGx,8.169879,8.8211,dNC_nohox
nc07_zumi:GTAGAGGACTCCTTACx,7.745749,6.9167795,dNC_hoxa2b
nc07_zumi:GTAGAGGATAAGGCTCx,7.368215,9.006727,NPB_nohox
nc07_zumi:GTAGAGGATACTCCTTx,7.3940325,6.361699,dNC_hoxa2b
nc07_zumi:TAAGGCGAATAGAGAGx,6.1126666,9.483401,dNC_nohox
nc07_zumi:TACGCTGCCTTAATAGx,7.1962404,6.87095,dNC_hoxa2b
nc07_zumi:TAGCGCTCACTCTAGGx,9.31104,6.378566,dNC_hox34
nc07_zumi:TAGCGCTCATAGAGAGx,6.8909993,11.132388,NPB_nohox
nc07_zumi:TAGCGCTCATTAGACGx,5.8992352,10.142217,dNC_nohox
nc07_zumi:TAGGCATGATAGAGAGx,7.8778505,9.49203,NPB_nohox
nc07_zumi:TAGGCATGCTAGTCGAx,6.9439774,8.793474,dNC_nohox
nc07_zumi:TAGGCATGCTCCTTACx,8.230147,8.404112,NPB_nohox
nc07_zumi:TAGGCATGCTTAATAGx,7.601973,9.287346,NPB_nohox
nc07_zumi:TAGGCATGTACTCCTTx,6.2790356,8.646373,dNC_nohox
nc07_zumi:TCCTGAGCATAGAGAGx,6.4962234,9.220429,dNC_nohox
nc07_zumi:TCCTGAGCATTAGACGx,8.218417,8.020257,dNC_hoxa2b
nc07_zumi:TCCTGAGCCTTAATAGx,7.130447,9.132223,NPB_nohox
nc07_zumi:TCCTGAGCTACTCCTTx,7.8930545,9.306512,NPB_nohox
nc07_zumi:TGCAGCTAATTAGACGx,6.469724,10.934448,dNC_nohox
nc07_zumi:TGCAGCTATACTCCTTx,7.4419465,7.267857,dNC_hoxa2b
nc08_zumi:ACTGAGCGACTCTAGGx,6.101154,4.5165105,mNC_vagal
nc08_zumi:ACTGAGCGAGAGGATAx,7.026668,4.020414,mNC_hox34
nc08_zumi:ACTGAGCGAGCTAGAAx,4.832852,2.1240585,mNC_arch2
nc08_zumi:ACTGAGCGAGGCTTAGx,2.6354237,2.1559086,mNC_head_mesenchymal
nc08_zumi:ACTGAGCGATAGAGAGx,1.7720706,5.278143,Pigment
nc08_zumi:ACTGAGCGATTAGACGx,4.211276,6.8821034,NPB_hox3
nc08_zumi:ACTGAGCGCGGAGAGAx,3.394555,8.097908,NC_trunk
nc08_zumi:ACTGAGCGCTAGTCGAx,4.338058,7.278164,NPB_hox3
nc08_zumi:ACTGAGCGCTCCTTACx,9.481853,5.949314,dNC_hox34
nc08_zumi:ACTGAGCGCTTAATAGx,4.7984004,5.4966855,mNC_vagal
nc08_zumi:ACTGAGCGTAAGGCTCx,6.347484,4.427276,mNC_vagal
nc08_zumi:ACTGAGCGTACTCCTTx,3.0068207,5.435737,mNC_nohox
nc08_zumi:ACTGAGCGTATGCAGTx,1.660254,5.581167,Pigment
nc08_zumi:ACTGAGCGTCGCATAAx,3.61218,8.17782,NC_trunk
nc08_zumi:ACTGAGCGTCTTACGCx,3.0861428,2.9950345,mNC_nohox
nc08_zumi:ATCTCAGGACTCTAGGx,6.270749,4.5830345,mNC_vagal
nc08_zumi:ATCTCAGGAGAGGATAx,4.9961386,1.4495878,mNC_arch1
nc08_zumi:ATCTCAGGAGCTAGAAx,8.0938015,3.7641764,mNC_hox34
nc08_zumi:ATCTCAGGAGGCTTAGx,3.6318078,2.0980415,mNC_arch1
nc08_zumi:ATCTCAGGATAGAGAGx,2.8260496,5.3723307,mNC_nohox
nc08_zumi:ATCTCAGGATAGCCTTx,3.1133022,6.16467,mNC_vagal
nc08_zumi:ATCTCAGGATTAGACGx,4.264429,7.5970387,NC_trunk
nc08_zumi:ATCTCAGGCGGAGAGAx,2.1157172,1.1219043,mNC_head_mesenchymal
nc08_zumi:ATCTCAGGTACTCCTTx,3.0284772,5.2244706,mNC_nohox
nc08_zumi:ATCTCAGGTATGCAGTx,2.453714,0.3049767,mNC_head_mesenchymal
nc08_zumi:ATCTCAGGTCGCATAAx,2.2906644,1.5304106,mNC_head_mesenchymal
nc08_zumi:ATGCGCAGAGCTAGAAx,2.5130794,-0.31167227,mNC_head_mesenchymal
nc08_zumi:ATGCGCAGATTAGACGx,6.1760178,11.122728,dNC_nohox
nc08_zumi:ATGCGCAGCTCCTTACx,2.3790376,3.1994658,mNC_nohox
nc08_zumi:ATGCGCAGCTTAATAGx,2.4352808,5.1266346,mNC_nohox
nc08_zumi:ATGCGCAGTAAGGCTCx,9.914206,5.875583,dNC_hox34
nc08_zumi:ATGCGCAGTACTCCTTx,5.457117,4.986006,mNC_vagal
nc08_zumi:ATGCGCAGTATGCAGTx,1.9721457,5.1924453,Pigment
nc08_zumi:ATGCGCAGTCGCATAAx,4.2410464,4.0410604,mNC_nohox
nc08_zumi:ATGCGCAGTCTTACGCx,3.6569922,7.713533,mNC_vagal
nc08_zumi:CGAGGCTGAGAGGATAx,5.0744205,2.3041773,mNC_arch2
nc08_zumi:CGAGGCTGAGCTAGAAx,4.838637,2.2687879,mNC_arch2
nc08_zumi:CGAGGCTGAGGCTTAGx,3.2360303,7.2843685,mNC_vagal
nc08_zumi:CGAGGCTGATAGCCTTx,2.0227427,5.3024826,Pigment
nc08_zumi:CGAGGCTGCGGAGAGAx,4.674539,4.7294927,mNC_arch2
nc08_zumi:CGAGGCTGCTAGTCGAx,2.2641885,3.013177,mNC_nohox
nc08_zumi:CGAGGCTGCTTAATAGx,2.3753958,3.9734228,mNC_nohox
nc08_zumi:CGAGGCTGTAAGGCTCx,6.339741,5.991732,mNC_arch2
nc08_zumi:CGAGGCTGTCGCATAAx,4.595652,4.2850657,mNC_nohox
nc08_zumi:CGAGGCTGTCTTACGCx,-1.7984976,6.1933017,Pigment
nc08_zumi:CGATCAGTACTCTAGGx,9.913089,5.8033333,dNC_hox34
nc08_zumi:CGATCAGTAGAGGATAx,-0.45529407,6.3833594,Pigment
nc08_zumi:CGATCAGTATAGAGAGx,3.2720597,4.648904,mNC_nohox
nc08_zumi:CGATCAGTATAGCCTTx,8.365558,4.6114864,mNC_hox34
nc08_zumi:CGATCAGTATTAGACGx,4.6704454,6.327814,mNC_vagal
nc08_zumi:CGATCAGTCTAGTCGAx,3.2986922,4.5294895,mNC_nohox
nc08_zumi:CGATCAGTCTTAATAGx,6.1278386,6.2149577,mNC_arch2
nc08_zumi:CGATCAGTTATGCAGTx,4.381427,5.643479,mNC_vagal
nc08_zumi:CGGAGCCTACTCTAGGx,3.7458434,5.204583,mNC_nohox
nc08_zumi:CGGAGCCTAGAGGATAx,5.2288265,1.3326622,mNC_arch2
nc08_zumi:CGGAGCCTAGCTAGAAx,2.8476763,6.2036867,mNC_vagal
nc08_zumi:CGGAGCCTAGGCTTAGx,-0.65692556,6.510329,Pigment
nc08_zumi:CGGAGCCTATAGCCTTx,7.8178015,3.2146182,mNC_hox34
nc08_zumi:CGGAGCCTATTAGACGx,5.883361,4.645367,mNC_hox34
nc08_zumi:CGGAGCCTCTTAATAGx,6.6186213,5.3683867,mNC_arch2
nc08_zumi:CGGAGCCTTACTCCTTx,3.3679001,4.721356,mNC_nohox
nc08_zumi:CGGAGCCTTCGCATAAx,3.778644,8.239421,NC_trunk
nc08_zumi:CGGAGCCTTCTTACGCx,2.8024178,0.06434151,mNC_head_mesenchymal
nc08_zumi:CGTACTAGACTCTAGGx,4.5757813,4.605034,mNC_nohox
nc08_zumi:CGTACTAGAGAGGATAx,2.7269516,1.2942096,mNC_head_mesenchymal
nc08_zumi:CGTACTAGAGGCTTAGx,2.6430879,2.7900958,mNC_nohox
nc08_zumi:CGTACTAGATAGCCTTx,1.4832206,6.032504,Pigment
nc08_zumi:CGTACTAGATTAGACGx,8.338856,5.3857956,mNC_hox34
nc08_zumi:CGTACTAGCTAGTCGAx,9.230132,5.5589137,dNC_hox34
nc08_zumi:CGTACTAGTACTCCTTx,9.789587,5.691549,dNC_hox34
nc08_zumi:CGTACTAGTATGCAGTx,4.1929436,4.8433323,mNC_arch1
nc08_zumi:CGTACTAGTCGCATAAx,5.3425627,4.0893703,mNC_arch2
nc08_zumi:CGTACTAGTCTTACGCx,2.167185,6.6835217,mNC_vagal
nc08_zumi:GGAGCTACACTCTAGGx,3.5676825,4.5354657,mNC_nohox
nc08_zumi:GGAGCTACAGAGGATAx,-1.5991322,6.388475,Pigment
nc08_zumi:GGAGCTACAGCTAGAAx,-1.8637861,6.3553023,Pigment
nc08_zumi:GGAGCTACATAGCCTTx,5.3328495,3.7319689,mNC_arch2
nc08_zumi:GGAGCTACATTAGACGx,5.9391246,5.440524,mNC_arch2
nc08_zumi:GGAGCTACCGGAGAGAx,-1.2648288,6.844235,Pigment
nc08_zumi:GGAGCTACCTAGTCGAx,4.382231,7.0219994,NPB_hox3
nc08_zumi:GGAGCTACTCGCATAAx,2.9929132,1.7937872,mNC_head_mesenchymal
nc08_zumi:GGAGCTACTCTTACGCx,4.2647405,1.9938958,mNC_arch1
nc08_zumi:GTAGAGGAACTCTAGGx,4.402856,6.392808,mNC_vagal
nc08_zumi:GTAGAGGAAGAGGATAx,-1.1898235,6.3191023,Pigment
nc08_zumi:GTAGAGGAAGCTAGAAx,5.057252,1.900438,mNC_arch2
nc08_zumi:GTAGAGGAAGGCTTAGx,4.360721,3.619977,mNC_arch1
nc08_zumi:GTAGAGGAATAGCCTTx,4.8367224,1.055169,mNC_arch1
nc08_zumi:GTAGAGGACTCCTTACx,5.0950727,5.341592,mNC_vagal
nc08_zumi:GTAGAGGACTTAATAGx,9.652616,5.6926236,dNC_hox34
nc08_zumi:GTAGAGGATAAGGCTCx,2.6468298,4.157184,mNC_nohox
nc08_zumi:GTAGAGGATACTCCTTx,2.3134053,3.8418465,mNC_nohox
nc08_zumi:GTAGAGGATCGCATAAx,3.3259966,7.7313995,mNC_vagal
nc08_zumi:GTAGAGGATCTTACGCx,6.7695932,4.0325127,mNC_hox34
nc08_zumi:TAGGCATGAGAGGATAx,3.271715,7.381639,mNC_vagal
nc08_zumi:TAGGCATGAGCTAGAAx,2.8552625,-0.2106357,mNC_head_mesenchymal
nc08_zumi:TAGGCATGAGGCTTAGx,4.5039096,3.8969474,mNC_nohox
nc08_zumi:TAGGCATGATAGAGAGx,3.000268,4.962138,mNC_nohox
nc08_zumi:TAGGCATGATAGCCTTx,6.9373026,4.2447734,mNC_hox34
nc08_zumi:TAGGCATGATTAGACGx,5.737499,5.733681,mNC_arch2
nc08_zumi:TAGGCATGCGGAGAGAx,2.0069578,6.345864,mNC_vagal
nc08_zumi:TAGGCATGCTCCTTACx,6.2470493,5.4570394,mNC_arch2
nc08_zumi:TAGGCATGCTTAATAGx,5.623107,10.080395,dNC_nohox
nc08_zumi:TAGGCATGTAAGGCTCx,3.2633448,5.212697,mNC_nohox
nc08_zumi:TAGGCATGTCGCATAAx,5.2061963,2.0111437,mNC_arch2
nc08_zumi:TAGGCATGTCTTACGCx,3.9863706,2.0832083,mNC_arch1
nc08_zumi:TCCTGAGCACTCTAGGx,2.2473795,2.7684731,mNC_nohox
nc08_zumi:TCCTGAGCAGAGGATAx,-1.9457666,6.138433,Pigment
nc08_zumi:TCCTGAGCAGCTAGAAx,1.9280614,1.0962497,mNC_head_mesenchymal
nc08_zumi:TCCTGAGCAGGCTTAGx,1.799735,0.62538606,mNC_head_mesenchymal
nc08_zumi:TCCTGAGCATAGAGAGx,6.432589,11.263524,dNC_nohox
nc08_zumi:TCCTGAGCATAGCCTTx,1.6526206,0.8323342,mNC_head_mesenchymal
nc08_zumi:TCCTGAGCATTAGACGx,2.4512968,2.788576,mNC_nohox
nc08_zumi:TCCTGAGCCGGAGAGAx,5.3326955,2.316549,mNC_arch2
nc08_zumi:TCCTGAGCCTAGTCGAx,2.6039824,5.469375,mNC_nohox
nc08_zumi:TCCTGAGCCTCCTTACx,3.4113507,5.2506957,mNC_nohox
nc08_zumi:TCCTGAGCCTTAATAGx,5.707875,4.7785625,mNC_arch2
nc08_zumi:TCCTGAGCTAAGGCTCx,3.8291397,3.833239,mNC_nohox
nc08_zumi:TCCTGAGCTACTCCTTx,4.7747846,5.8007956,mNC_vagal
nc08_zumi:TCCTGAGCTATGCAGTx,3.1434495,7.4736443,mNC_vagal
nc08_zumi:TCCTGAGCTCGCATAAx,2.5536075,0.8402761,mNC_head_mesenchymal
nc08_zumi:TCCTGAGCTCTTACGCx,3.246097,6.363114,mNC_vagal
nc08_zumi:TCGACGTCACTCTAGGx,9.560504,5.9094796,dNC_hox34
nc08_zumi:TCGACGTCAGAGGATAx,0.9447231,6.1942334,mNC_vagal
nc08_zumi:TCGACGTCAGCTAGAAx,4.3561754,2.1190348,mNC_arch1
nc08_zumi:TCGACGTCAGGCTTAGx,4.8266487,2.6008368,mNC_arch2
nc08_zumi:TCGACGTCATAGAGAGx,4.19635,7.750882,NPB_hox3
nc08_zumi:TCGACGTCATAGCCTTx,0.6449775,6.0191913,mNC_vagal
nc08_zumi:TCGACGTCATTAGACGx,6.5102,5.994575,dNC_hoxa2b
nc08_zumi:TCGACGTCTACTCCTTx,3.9640317,6.525772,mNC_vagal
nc08_zumi:TCGACGTCTATGCAGTx,3.3457918,6.916335,mNC_vagal
nc08_zumi:TCGACGTCTCTTACGCx,5.1140037,3.823076,mNC_arch2
