cell,UMAP1,UMAP2,cell_type,velocity_UMAP1,velocity_UMAP2
nc01_zumi:AAGAGGCAAGAGGATAx,4.8402376,2.1106594,mNC_arch2,0.016457970323290726,-0.1419534708869225
nc01_zumi:AAGAGGCAAGGCTTAGx,8.082981,3.3740497,mNC_hox34,0.06803374119294267,0.006585413146025485
nc01_zumi:AAGAGGCAATAGCCTTx,-1.534507,6.8098087,Pigment,-0.17700670851852945,0.013499130626674896
nc01_zumi:AAGAGGCACGGAGAGAx,1.4781227,7.007659,mNC_vagal,-0.09361050373388913,0.012779106901760137
nc01_zumi:AAGAGGCATATGCAGTx,1.1573297,6.6862097,mNC_vagal,-0.15054314997222207,0.04354994013083036
nc01_zumi:AAGAGGCATCGCATAAx,1.0020635,6.462859,mNC_vagal,-0.08991848152195127,0.04405258596162144
nc01_zumi:AAGAGGCATCTTACGCx,-1.9265926,6.6514716,Pigment,-0.09004633472508033,0.037178556956590426
nc01_zumi:ACTCGCTAAGAGGATAx,-0.21214385,6.379778,mNC_vagal,-0.19384954434886476,0.06652010183532027
nc01_zumi:ACTCGCTAAGCTAGAAx,5.5411963,1.8830101,mNC_arch2,-0.03744194071022272,-0.10620399849409536
nc01_zumi:ACTCGCTAAGGCTTAGx,2.1233046,6.384707,mNC_vagal,-0.0835605066727028,0.08004560410863629
nc01_zumi:ACTCGCTAATAGCCTTx,2.9302769,-0.17596093,mNC_head_mesenchymal,-0.07447296450280948,-0.05547055656689833
nc01_zumi:ACTCGCTACGGAGAGAx,2.1912844,1.0692183,mNC_head_mesenchymal,0.006152865738848371,-0.23909741760448486
nc01_zumi:ACTCGCTATATGCAGTx,1.8039844,0.39949417,mNC_head_mesenchymal,0.05263140197468847,-0.12993601839654262
nc01_zumi:ACTCGCTATCGCATAAx,4.8348007,4.2969565,mNC_arch2,0.027097933684102224,-0.061037477671837016
nc01_zumi:ACTCGCTATCTTACGCx,2.4079707,1.609031,mNC_head_mesenchymal,-0.008333689873179338,-0.2158268536907953
nc01_zumi:ACTGAGCGAGAGGATAx,-1.7883117,6.6623626,Pigment,-0.11983429281604982,0.0347871526661006
nc01_zumi:ACTGAGCGAGCTAGAAx,6.8294544,3.6618533,mNC_hox34,0.1016189918191082,-0.029428004453248422
nc01_zumi:ACTGAGCGAGGCTTAGx,-1.3160468,6.9876556,Pigment,-0.18301172501623417,-0.028297329980920865
nc01_zumi:ACTGAGCGATAGCCTTx,8.3906555,3.923878,mNC_hox34,0.041474411273216,-0.03653151793864698
nc01_zumi:ACTGAGCGCGGAGAGAx,7.6781025,3.1856005,mNC_hox34,0.11108096895042617,-0.0015932949558115602
nc01_zumi:ACTGAGCGTATGCAGTx,0.4153769,6.5857444,mNC_vagal,-0.1623101362826122,0.023570575185373956
nc01_zumi:ACTGAGCGTCTTACGCx,5.066148,2.3477356,mNC_arch2,-0.006417422305026445,-0.16482526189940758
nc01_zumi:AGGCAGAAAGAGGATAx,0.7155302,6.888107,mNC_vagal,-0.16501788596277778,0.024229633452456788
nc01_zumi:AGGCAGAAAGCTAGAAx,5.07696,3.0541968,mNC_arch2,-0.015554601062628619,-0.16580749656540886
nc01_zumi:AGGCAGAAAGGCTTAGx,4.5118003,1.355363,mNC_arch1,0.021389472404090618,-0.1104214989512794
nc01_zumi:AGGCAGAAATAGCCTTx,3.6626182,1.1637695,mNC_arch1,-0.025568469674931253,-0.1396230174980805
nc01_zumi:AGGCAGAACGGAGAGAx,1.4688369,5.4419055,Pigment,-0.02010245619693683,0.07394807682274594
nc01_zumi:AGGCAGAATATGCAGTx,1.7037042,7.1223035,mNC_vagal,-0.12631628635365,0.022653290212732474
nc01_zumi:AGGCAGAATCTTACGCx,-1.8747846,7.052477,Pigment,-0.09048827710935291,-0.035051507525156435
nc01_zumi:ATCTCAGGAGCTAGAAx,2.2929587,0.30103084,mNC_head_mesenchymal,0.007774225017563937,-0.11939755738676773
nc01_zumi:ATCTCAGGAGGCTTAGx,-2.0185504,7.07648,Pigment,-0.06099734835178652,-0.03262094086112992
nc01_zumi:ATCTCAGGATAGCCTTx,1.9844044,0.2891946,mNC_head_mesenchymal,0.026468158300476285,-0.10352952840964377
nc01_zumi:ATCTCAGGCGGAGAGAx,-2.4146514,6.7738047,Pigment,-0.0217488853835459,0.016670810846891548
nc01_zumi:ATCTCAGGTATGCAGTx,0.32873055,6.7169847,mNC_vagal,-0.1579184606856505,0.01926419466820451
nc01_zumi:ATCTCAGGTCGCATAAx,2.590294,7.089958,mNC_vagal,-0.044415583921269854,0.0679975919495103
nc01_zumi:ATCTCAGGTCTTACGCx,5.002799,3.1263134,mNC_arch2,0.02491665206970021,-0.10939658555355895
nc01_zumi:ATGCGCAGAGAGGATAx,1.8956504,0.9054282,mNC_head_mesenchymal,0.03311377998276159,-0.19836468965809292
nc01_zumi:ATGCGCAGAGCTAGAAx,2.6414728,0.61362475,mNC_head_mesenchymal,-0.03477684480831791,-0.13105803401879812
nc01_zumi:ATGCGCAGAGGCTTAGx,3.1126418,7.762863,mNC_vagal,-0.0006910527596881277,0.026055003889401924
nc01_zumi:ATGCGCAGATAGCCTTx,5.234927,3.480823,mNC_arch2,-0.047654010483852594,-0.15462280752508922
nc01_zumi:ATGCGCAGCGGAGAGAx,8.340206,3.3029354,mNC_hox34,0.03579024634388685,0.002374479607315874
nc01_zumi:ATGCGCAGTATGCAGTx,5.3128343,1.4847218,mNC_arch2,-0.010138382210913044,-0.059180853028219745
nc01_zumi:ATGCGCAGTCTTACGCx,-1.3491404,6.633092,Pigment,-0.14240349819172343,0.04918366580287146
nc01_zumi:CCTAAGACAGCTAGAAx,-1.1268622,6.9316506,Pigment,-0.1773970970577045,-0.0038228864657163836
nc01_zumi:CCTAAGACAGGCTTAGx,4.078827,3.9557002,mNC_arch1,0.0677079737932582,-0.10714996746719163
nc01_zumi:CCTAAGACATAGCCTTx,2.2550073,6.495423,mNC_vagal,-0.102578984635837,0.07306420868983973
nc01_zumi:CCTAAGACCGGAGAGAx,-0.5738577,6.509385,Pigment,-0.1958961937372667,0.06021634253340089
nc01_zumi:CCTAAGACTATGCAGTx,-1.7706199,5.95805,Pigment,-0.1639063258396006,0.16493038250191525
nc01_zumi:CCTAAGACTCGCATAAx,1.8117079,0.72276956,mNC_head_mesenchymal,0.051282401376817235,-0.1901294494962034
nc01_zumi:CCTAAGACTCTTACGCx,4.7656536,1.2090617,mNC_arch1,0.027527528265366204,-0.06190646938461464
nc01_zumi:CGAGGCTGAGAGGATAx,7.666889,3.312735,mNC_hox34,0.16065748536703686,-0.0014097497923968435
nc01_zumi:CGAGGCTGAGCTAGAAx,1.6625084,6.701618,mNC_vagal,-0.08381215398305782,0.03966045288458868
nc01_zumi:CGAGGCTGAGGCTTAGx,7.871502,3.0536807,mNC_hox34,0.07954381501325099,0.021157538325888098
nc01_zumi:CGAGGCTGATAGCCTTx,7.1883216,3.527331,mNC_hox34,0.1275449613750158,-0.03759411521749267
nc01_zumi:CGAGGCTGCGGAGAGAx,-1.7254579,7.005836,Pigment,-0.13302153016592225,-0.021539908487090576
nc01_zumi:CGAGGCTGTATGCAGTx,7.0060267,3.453102,mNC_hox34,0.22696087057488162,-0.03765035199495383
nc01_zumi:CGAGGCTGTCGCATAAx,2.2875073,-0.3015655,mNC_head_mesenchymal,0.01234942082448195,-0.041574923803735266
nc01_zumi:CGAGGCTGTCTTACGCx,-1.4293423,6.273386,Pigment,-0.13408682657718712,0.09676192590477777
nc01_zumi:CGATCAGTAGCTAGAAx,4.720124,1.2058558,mNC_arch1,0.05665144571538815,-0.04582128709449278
nc01_zumi:CGATCAGTAGGCTTAGx,3.2676523,6.0925794,mNC_vagal,-0.07256760991380598,0.12460041169225565
nc01_zumi:CGATCAGTATAGCCTTx,4.154314,6.0630627,mNC_vagal,0.12294213793071615,0.020954600166370626
nc01_zumi:CGATCAGTCGGAGAGAx,7.944997,3.4046967,mNC_hox34,0.11308605419491842,-0.004754058037969079
nc01_zumi:CGATCAGTTATGCAGTx,5.2311764,1.5172089,mNC_arch2,-0.0014004712647740164,-0.07986003355617974
nc01_zumi:CGATCAGTTCGCATAAx,4.956673,2.9091654,mNC_arch2,-0.007992663433670505,-0.16406792443633417
nc01_zumi:CGATCAGTTCTTACGCx,8.153712,3.9957743,mNC_hox34,0.08859363587183143,-0.0776434427981122
nc01_zumi:CGGAGCCTAGAGGATAx,1.2812014,6.3276963,mNC_vagal,-0.16469641887576117,0.07309227301274375
nc01_zumi:CGGAGCCTAGCTAGAAx,2.4673283,6.4384685,mNC_vagal,-0.11555948258269251,0.08388886923206305
nc01_zumi:CGGAGCCTAGGCTTAGx,7.081778,3.4545715,mNC_hox34,0.16216474079821327,-0.007468694872658793
nc01_zumi:CGGAGCCTATAGCCTTx,-0.48351505,6.827272,Pigment,-0.13993631648637403,0.02961882354979282
nc01_zumi:CGGAGCCTCGGAGAGAx,-0.5030904,6.7758975,Pigment,-0.17961426174531572,0.01434380519422138
nc01_zumi:CGGAGCCTTCGCATAAx,7.7183723,3.472214,mNC_hox34,0.12639432413595153,-0.026859944233322906
nc01_zumi:CGGAGCCTTCTTACGCx,1.5497918,7.101576,mNC_vagal,-0.10103088871104511,0.016225720167948206
nc01_zumi:CGTACTAGAGAGGATAx,4.937328,2.0575807,mNC_arch2,0.023525950083897962,-0.12635710189380708
nc01_zumi:CGTACTAGAGCTAGAAx,4.037154,1.4976618,mNC_arch1,-0.0006057337661648671,-0.15826220289321746
nc01_zumi:CGTACTAGAGGCTTAGx,4.1229997,1.7079797,mNC_arch1,0.03483036789717581,-0.1358308237862218
nc01_zumi:CGTACTAGATAGCCTTx,8.380183,3.7553039,mNC_hox34,0.04130747263638037,-0.02534409233572052
nc01_zumi:CGTACTAGCGGAGAGAx,3.368224,7.204926,mNC_vagal,-0.050475190268179954,0.01652621803207181
nc01_zumi:CGTACTAGTATGCAGTx,4.1997657,3.867887,mNC_arch1,0.08687608101090341,-0.1519324919945404
nc01_zumi:CGTACTAGTCGCATAAx,1.9847605,0.00050856796,mNC_head_mesenchymal,0.0464464959952277,-0.07257566988087592
nc01_zumi:CGTACTAGTCTTACGCx,3.612369,0.5134884,mNC_head_mesenchymal,-0.10977247613339149,-0.13033839291357915
nc01_zumi:CTCTCTACAGAGGATAx,3.7769475,5.671989,mNC_vagal,0.08372795269652633,-0.03367462975531935
nc01_zumi:CTCTCTACCGGAGAGAx,2.3381302,0.4018044,mNC_head_mesenchymal,-0.0036023685947414097,-0.14424875653503
nc01_zumi:CTCTCTACTATGCAGTx,-0.11978452,6.6612883,mNC_vagal,-0.1882806311261621,0.0313702776839856
nc01_zumi:CTCTCTACTCGCATAAx,2.5796027,1.4208909,mNC_head_mesenchymal,0.0025601832448839956,-0.17188007039287834
nc01_zumi:CTCTCTACTCTTACGCx,-0.052001216,6.8120723,mNC_vagal,-0.19555205227436498,0.015597026100853836
nc01_zumi:GCGTAGTAAGAGGATAx,2.9192948,0.4040583,mNC_head_mesenchymal,-0.03934001304827706,-0.11557300735715663
nc01_zumi:GCGTAGTAATAGCCTTx,-1.9864323,6.988525,Pigment,-0.08213775196955896,-0.01875392139695612
nc01_zumi:GCGTAGTACGGAGAGAx,7.841319,3.1612206,mNC_hox34,0.08984576714411285,0.009141117245122935
nc01_zumi:GCGTAGTATATGCAGTx,3.0329053,6.7335477,mNC_vagal,-0.04956669307181236,0.10033976109098172
nc01_zumi:GCGTAGTATCGCATAAx,7.5025597,3.6235023,mNC_hox34,0.12948507613159957,-0.05274217869443819
nc01_zumi:GCGTAGTATCTTACGCx,2.3344054,0.709789,mNC_head_mesenchymal,0.0048674382352140435,-0.19861666968122688
nc01_zumi:GCTCATGAAGAGGATAx,2.6073747,0.6713706,mNC_head_mesenchymal,-0.04376475613655617,-0.1928182345479691
nc01_zumi:GCTCATGAAGCTAGAAx,0.40215966,6.7252665,mNC_vagal,-0.16127776180082393,0.013554003281742392
nc01_zumi:GCTCATGAAGGCTTAGx,1.5794493,6.587005,mNC_vagal,-0.081394771062897,0.040430890913333066
nc01_zumi:GCTCATGAATAGCCTTx,3.2207675,0.33015475,mNC_head_mesenchymal,-0.09918402502858013,-0.11359770822419943
nc01_zumi:GCTCATGACGGAGAGAx,7.4895806,3.6036298,mNC_hox34,0.14781377396142512,-0.0486135291848714
nc01_zumi:GCTCATGATATGCAGTx,4.233979,2.5206594,mNC_arch1,0.05007410917207156,-0.166914964321405
nc01_zumi:GCTCATGATCGCATAAx,2.8793662,0.9289151,mNC_head_mesenchymal,-0.043247421036574675,-0.18142077568551415
nc01_zumi:GCTCATGATCTTACGCx,2.6942904,-0.17838582,mNC_head_mesenchymal,-0.07962753386625301,-0.04999282328126557
nc01_zumi:GGACTCCTAGAGGATAx,2.6397388,0.76117843,mNC_head_mesenchymal,-0.05639192142999162,-0.18328777680892477
nc01_zumi:GGACTCCTAGCTAGAAx,4.0021253,1.656816,mNC_arch1,0.03814605660539418,-0.1490631270820023
nc01_zumi:GGACTCCTAGGCTTAGx,0.062266313,6.944639,mNC_vagal,-0.16522237123671732,0.0028079794048227183
nc01_zumi:GGACTCCTATAGCCTTx,-0.26181358,6.934243,mNC_vagal,-0.1714388433410805,-0.003927499681236148
nc01_zumi:GGACTCCTCGGAGAGAx,2.4064026,0.78671765,mNC_head_mesenchymal,-0.016745629633056792,-0.20606622525127688
nc01_zumi:GGACTCCTTATGCAGTx,-1.6780149,6.8193774,Pigment,-0.13367901220621484,0.009749345317402455
nc01_zumi:GGACTCCTTCGCATAAx,5.269567,4.188616,mNC_arch2,-0.06847750517967997,-0.12759555867087385
nc01_zumi:GGAGCTACAGAGGATAx,2.6364267,-0.55254966,mNC_head_mesenchymal,-0.018439511979762884,-0.017713395452083693
nc01_zumi:GGAGCTACAGCTAGAAx,-1.9943081,6.1768436,Pigment,-0.07894345975710326,0.10929415160674127
nc01_zumi:GGAGCTACAGGCTTAGx,4.6160965,3.791854,mNC_arch1,0.06969796219540582,-0.13676079759247028
nc01_zumi:GGAGCTACATAGCCTTx,4.9433274,3.3010812,mNC_arch2,0.057325259794217195,-0.09296939116232064
nc01_zumi:GGAGCTACCGGAGAGAx,2.9317405,0.8727731,mNC_head_mesenchymal,-0.03181664306876327,-0.1473764396491409
nc01_zumi:GGAGCTACTATGCAGTx,2.5385463,6.6818857,mNC_vagal,-0.05101847696491916,0.0839346089213485
nc01_zumi:GGAGCTACTCGCATAAx,8.168203,3.4677844,mNC_hox34,0.05579802911957489,-0.00580036902628541
nc01_zumi:GGAGCTACTCTTACGCx,1.5823097,6.429668,mNC_vagal,-0.1752988106460103,0.04862944117352444
nc01_zumi:GTAGAGGAAGAGGATAx,8.28165,3.0239985,mNC_hox34,0.05339249909216398,0.02925340510467759
nc01_zumi:GTAGAGGAAGCTAGAAx,2.043797,6.5838327,mNC_vagal,-0.09007350904130067,0.06503973375559235
nc01_zumi:GTAGAGGAATAGCCTTx,5.3463035,2.8432808,mNC_arch2,0.003037626082669994,-0.15074558906257113
nc01_zumi:GTAGAGGACGGAGAGAx,3.4632928,6.458575,mNC_vagal,-0.05497144580938354,0.11365022693635589
nc01_zumi:GTAGAGGATCGCATAAx,2.1225004,6.190525,mNC_vagal,-0.12002279124096107,0.06885891463273325
nc01_zumi:GTAGAGGATCTTACGCx,5.22252,3.4466474,mNC_arch2,0.020591868376945374,-0.12216492087910075
nc01_zumi:TAAGGCGAAGAGGATAx,3.0419831,0.643065,mNC_head_mesenchymal,-0.08512002296363198,-0.1664615599818978
nc01_zumi:TAAGGCGAAGCTAGAAx,3.380779,6.735318,mNC_vagal,-0.0457522491928617,0.06195187636112115
nc01_zumi:TAAGGCGAAGGCTTAGx,4.414894,3.6809223,mNC_arch1,0.043437375079893814,-0.1401667200857934
nc01_zumi:TAAGGCGACGGAGAGAx,3.0939753,1.0918543,mNC_head_mesenchymal,-0.03890309462696656,-0.16557369929564425
nc01_zumi:TAAGGCGATCTTACGCx,3.4493172,0.3584491,mNC_head_mesenchymal,-0.07780465877514997,-0.09763887361188191
nc01_zumi:TACGCTGCAGAGGATAx,-2.253085,6.6331434,Pigment,-0.045958248309945465,0.03988921787357175
nc01_zumi:TACGCTGCAGCTAGAAx,3.5990837,0.77545625,mNC_head_mesenchymal,-0.091292710066286,-0.15126367276630526
nc01_zumi:TACGCTGCAGGCTTAGx,-1.8600394,6.8307557,Pigment,-0.097200823967123,0.011211896627817861
nc01_zumi:TACGCTGCATAGCCTTx,0.3249246,6.628542,mNC_vagal,-0.13419470869576003,0.04714554633833972
nc01_zumi:TACGCTGCCGGAGAGAx,3.8807645,1.1094108,mNC_arch1,-0.03790563419241882,-0.1589363455259157
nc01_zumi:TACGCTGCTATGCAGTx,-1.705198,6.323889,Pigment,-0.14044355375351453,0.08526521882036356
nc01_zumi:TACGCTGCTCGCATAAx,-1.5820434,6.7621493,Pigment,-0.1479818604573481,0.026253554399147058
nc01_zumi:TACGCTGCTCTTACGCx,2.4781113,4.855,Pigment,0.041718772173712115,-0.01672172006097986
nc01_zumi:TAGCGCTCAGAGGATAx,1.97646,0.36592638,mNC_head_mesenchymal,0.04150049595508528,-0.12869879265675793
nc01_zumi:TAGCGCTCAGCTAGAAx,-2.1489286,6.2629046,Pigment,-0.05531898926044996,0.09711855241470937
nc01_zumi:TAGCGCTCAGGCTTAGx,-1.768232,7.16775,Pigment,-0.10987222342451917,-0.04709985239706137
nc01_zumi:TAGCGCTCATAGCCTTx,7.9048877,2.836095,mNC_hox34,0.05728214437697567,-0.012880758973547292
nc01_zumi:TAGCGCTCTATGCAGTx,1.0903598,6.748783,mNC_vagal,-0.12632659213197783,0.038930847031640306
nc01_zumi:TAGCGCTCTCGCATAAx,7.798195,3.5639973,mNC_hox34,0.10008371365412516,-0.031681426515945174
nc01_zumi:TAGCGCTCTCTTACGCx,6.7450275,3.891151,mNC_hox34,0.1376474106058028,-0.08664577722531772
nc01_zumi:TAGGCATGAGAGGATAx,3.276129,0.74286824,mNC_head_mesenchymal,-0.08965755984288316,-0.16346797675334063
nc01_zumi:TAGGCATGAGCTAGAAx,-2.1287723,6.386302,Pigment,-0.061274431554091874,0.06857813415967187
nc01_zumi:TAGGCATGAGGCTTAGx,2.958331,0.19991636,mNC_head_mesenchymal,-0.08832412188524708,-0.08498069948744878
nc01_zumi:TAGGCATGATAGCCTTx,4.6684303,4.3021173,mNC_arch2,-0.023736790171915375,-0.10518210446484384
nc01_zumi:TAGGCATGCGGAGAGAx,8.005318,3.3270743,mNC_hox34,0.07513318310570889,-0.005555330223502194
nc01_zumi:TAGGCATGTATGCAGTx,4.056557,5.885054,mNC_vagal,0.0658106292644078,0.029924603229282178
nc01_zumi:TAGGCATGTCGCATAAx,4.7676563,1.3827451,mNC_arch1,0.04958720897354405,-0.06710743554508204
nc01_zumi:TAGGCATGTCTTACGCx,8.646993,3.6894433,mNC_hox34,0.01898683697785653,-0.01740359306715141
nc01_zumi:TCCTGAGCAGAGGATAx,2.5107524,7.0386505,mNC_vagal,-0.04288082562000392,0.0640881502543514
nc01_zumi:TCCTGAGCAGGCTTAGx,1.546451,6.8922305,mNC_vagal,-0.10019927312007222,0.03241910897160244
nc01_zumi:TCCTGAGCATAGCCTTx,2.3348243,6.365733,mNC_vagal,-0.10473903085712286,0.09473236131757465
nc01_zumi:TCCTGAGCCGGAGAGAx,0.12331437,6.4233065,mNC_vagal,-0.1838645510468648,0.04805415582527021
nc01_zumi:TCCTGAGCTATGCAGTx,2.1994424,0.30278385,mNC_head_mesenchymal,0.016390521125179112,-0.11210384448237556
nc01_zumi:TCCTGAGCTCGCATAAx,2.744442,6.5810537,mNC_vagal,-0.04735167022271559,0.09041853219306657
nc01_zumi:TCCTGAGCTCTTACGCx,3.7160895,4.105384,mNC_arch1,0.1391830464370232,-0.12020870282401604
nc02_zumi:AAGAGGCAACTCTAGGx,7.3841352,9.561537,NPB_nohox,0.0214887206260499,0.09246931553774691
nc02_zumi:AAGAGGCAAGAGGATAx,6.0559454,11.283196,dNC_nohox,-0.001477752125503454,0.023655179886149916
nc02_zumi:AAGAGGCAAGCTAGAAx,5.9404044,8.320872,dNC_nohox,-0.034492911881676025,0.13733135010144404
nc02_zumi:AAGAGGCAATAGAGAGx,9.692451,6.4362216,dNC_hox34,0.040687395830260674,-0.06830235685502388
nc02_zumi:AAGAGGCAATAGCCTTx,6.570445,6.6685123,dNC_hoxa2b,0.13069956927076284,0.01355614512025685
nc02_zumi:AAGAGGCAATTAGACGx,6.514747,10.477292,dNC_nohox,-0.0392068738708725,0.09419221875659647
nc02_zumi:AAGAGGCACTCCTTACx,7.7341814,8.676405,dNC_nohox,0.011078433055453833,0.07182064477161616
nc02_zumi:AAGAGGCACTTAATAGx,7.2995343,8.767795,dNC_nohox,0.027378410556752816,0.03414911976719222
nc02_zumi:AAGAGGCATAAGGCTCx,7.375549,6.7579026,dNC_hoxa2b,0.04423299946600434,-0.002550609434669855
nc02_zumi:AAGAGGCATCTTACGCx,5.690125,7.440451,NPB_hox3,0.035811864356698794,0.0714188109128454
nc02_zumi:ACTCGCTAACTCTAGGx,6.279161,8.706036,dNC_nohox,-0.0533833952387501,0.07259351160364685
nc02_zumi:ACTCGCTAAGAGGATAx,6.1392517,9.517346,dNC_nohox,-0.003955230251633775,0.1384582066946332
nc02_zumi:ACTCGCTAAGCTAGAAx,7.493717,7.0893874,dNC_hoxa2b,0.055426405581132335,0.0703663904861257
nc02_zumi:ACTCGCTAAGGCTTAGx,7.086976,10.784729,NPB_nohox,-0.007957154662337606,0.053984561482296516
nc02_zumi:ACTCGCTAATAGAGAGx,6.7031856,8.886239,dNC_nohox,-0.04817222311378856,0.06761052637921497
nc02_zumi:ACTCGCTAATTAGACGx,7.426612,8.380921,dNC_nohox,-0.026995709762226257,0.08978718474156011
nc02_zumi:ACTCGCTACTAGTCGAx,7.6420965,7.623175,dNC_hoxa2b,0.050350198394949815,0.09618924403401878
nc02_zumi:ACTCGCTACTTAATAGx,7.9639893,9.62595,NPB_nohox,0.02822819642436584,0.11210117446232454
nc02_zumi:ACTCGCTATACTCCTTx,6.724063,9.321124,dNC_nohox,-0.07174877881136404,0.13957292758921036
nc02_zumi:ACTCGCTATATGCAGTx,7.3796196,7.3148217,dNC_hox34,0.0961697803364505,-0.04384186232307666
nc02_zumi:AGGCAGAAACTCTAGGx,6.7137084,9.482222,dNC_nohox,-0.07730751102303096,0.14511873390941524
nc02_zumi:AGGCAGAAAGCTAGAAx,5.381872,9.698683,dNC_nohox,0.06949730311842413,0.10674567153385667
nc02_zumi:AGGCAGAAATAGAGAGx,7.1778903,8.710055,dNC_nohox,-0.0004441403680684776,0.0992023575027
nc02_zumi:AGGCAGAAATTAGACGx,7.6434164,9.4262905,NPB_nohox,0.05222602472482195,0.09619920878174817
nc02_zumi:AGGCAGAACGGAGAGAx,5.8547897,9.137097,dNC_nohox,-0.03320817891596775,0.09355914951645898
nc02_zumi:AGGCAGAACTAGTCGAx,6.4823747,10.133856,dNC_nohox,0.04200399852128214,0.11900562173317059
nc02_zumi:AGGCAGAACTCCTTACx,7.566564,9.224843,NPB_nohox,0.053332577520676,0.10230225078194954
nc02_zumi:AGGCAGAATAAGGCTCx,7.7264776,6.4552107,dNC_hoxa2b,0.0328158024179385,0.05200239598936384
nc02_zumi:AGGCAGAATACTCCTTx,8.67425,8.805942,NPB_nohox,-0.0017517577346035647,0.13305045122423204
nc02_zumi:AGGCAGAATCGCATAAx,6.3274226,8.319056,dNC_nohox,-0.0019153359723718475,0.06892586892058618
nc02_zumi:AGGCAGAATCTTACGCx,6.0330806,10.245435,dNC_nohox,0.04298567173446895,0.1074698375328693
nc02_zumi:CCTAAGACCTCCTTACx,8.338095,9.008092,NPB_nohox,0.0035487145002268,0.08537655283401802
nc02_zumi:CCTAAGACCTTAATAGx,6.6735654,10.31544,dNC_nohox,-0.03090796911873186,0.1543397853996797
nc02_zumi:CCTAAGACTAAGGCTCx,8.412516,8.467326,dNC_nohox,0.02179621377635082,0.10248327980497349
nc02_zumi:CCTAAGACTACTCCTTx,7.360665,6.610587,dNC_hoxa2b,0.05812122521092614,0.07085146908218848
nc02_zumi:CTCTCTACACTCTAGGx,7.246086,8.380475,dNC_nohox,-0.00048680194428497625,0.026530745733105564
nc02_zumi:CTCTCTACAGAGGATAx,6.8146305,7.0721054,dNC_hoxa2b,0.10475026823123172,-0.007154777246541933
nc02_zumi:CTCTCTACAGGCTTAGx,9.693037,6.170578,dNC_hox34,0.04075107705615074,-0.0324946243751486
nc02_zumi:CTCTCTACATAGAGAGx,7.454936,9.821326,NPB_nohox,0.015350244714890895,0.0924373418396903
nc02_zumi:CTCTCTACATTAGACGx,7.29802,10.510542,dNC_nohox,-0.02341388826103957,0.07453955696551531
nc02_zumi:CTCTCTACCTAGTCGAx,6.489652,8.804463,dNC_nohox,-0.049182405653221205,0.10657390856172634
nc02_zumi:CTCTCTACCTTAATAGx,7.0164256,10.910629,NPB_nohox,-0.013930654942056756,0.059696058766415996
nc02_zumi:CTCTCTACTATGCAGTx,6.744104,7.0420947,dNC_hoxa2b,0.08985610619371856,0.0366168754020853
nc02_zumi:CTCTCTACTCGCATAAx,6.812813,6.4270887,dNC_hoxa2b,0.09001595804836265,0.06687629997754899
nc02_zumi:CTCTCTACTCTTACGCx,5.6146164,8.756818,dNC_nohox,-0.03239260008094,0.05100549284872083
nc02_zumi:GCGTAGTAACTCTAGGx,8.152262,9.426421,NPB_nohox,-0.008906355108299381,0.08878191803343638
nc02_zumi:GCGTAGTATAAGGCTCx,6.893002,9.017175,dNC_nohox,-0.013902032285520583,0.07765789916835736
nc02_zumi:GCGTAGTATACTCCTTx,7.857812,7.140546,dNC_hoxa2b,0.017084127455445644,0.01971896313010541
nc02_zumi:GCTCATGAACTCTAGGx,7.610002,9.108245,NPB_nohox,0.07908650961641064,0.054009481669439495
nc02_zumi:GCTCATGAAGGCTTAGx,2.2166057,3.8252106,dNC_nohox,-0.015775218747437276,-0.09150956393778284
nc02_zumi:GCTCATGAATAGAGAGx,5.756669,9.542904,dNC_nohox,0.029307088311560356,0.1809851049371247
nc02_zumi:GCTCATGAATAGCCTTx,5.6445427,9.356505,NPB_nohox,0.09211069275114163,0.1134898676947239
nc02_zumi:GCTCATGACGGAGAGAx,7.2844877,10.877081,NPB_nohox,-0.00923416037375489,0.04961645858572305
nc02_zumi:GCTCATGACTAGTCGAx,8.748904,8.313868,NPB_nohox,-0.020004272655870178,0.16951925696295764
nc02_zumi:GCTCATGACTCCTTACx,8.37838,8.742121,dNC_nohox,0.02689109862616136,0.07283736511715508
nc02_zumi:GCTCATGATAAGGCTCx,7.772507,7.6675396,dNC_hoxa2b,0.02515529031039847,0.07065041906769153
nc02_zumi:GCTCATGATACTCCTTx,7.3278375,7.281672,dNC_hoxa2b,0.0578137861264518,0.006068298468260039
nc02_zumi:GCTCATGATCTTACGCx,6.6957893,6.267369,dNC_hoxa2b,0.12129116721467448,0.035758422366580764
nc02_zumi:GGACTCCTACTCTAGGx,7.8135486,9.91179,NPB_nohox,0.04498886883394068,0.11877951844641908
nc02_zumi:GGACTCCTAGAGGATAx,5.612448,9.910843,dNC_nohox,0.03354943409551211,0.12334954472853424
nc02_zumi:GGACTCCTATAGAGAGx,6.618707,8.776791,dNC_nohox,-0.0901332559385797,0.018347213295973816
nc02_zumi:GGACTCCTATAGCCTTx,6.509781,7.0206513,dNC_hoxa2b,0.04017210691386969,-0.02901989895859455
nc02_zumi:GGACTCCTATTAGACGx,6.538603,10.173622,dNC_nohox,-0.07241830505425444,0.15832052744336653
nc02_zumi:GGACTCCTCTAGTCGAx,9.800463,6.466746,dNC_hox34,0.02751005668556186,-0.07633617270054013
nc02_zumi:GGACTCCTCTCCTTACx,8.880779,6.9772353,dNC_hox34,0.07196945887981876,-0.061794993968029135
nc02_zumi:GGACTCCTCTTAATAGx,8.12787,9.982578,NPB_nohox,-0.019592748537412646,0.09622898657546375
nc02_zumi:GGACTCCTTCGCATAAx,6.327941,10.767693,dNC_nohox,-0.006059286110860367,0.06044597673451896
nc02_zumi:GGACTCCTTCTTACGCx,6.5155935,9.5246105,dNC_nohox,-0.08875837028650656,0.1471477162492552
nc02_zumi:TAAGGCGAACTCTAGGx,7.6077456,10.60979,NPB_nohox,-0.01536228059966923,0.07429075434942028
nc02_zumi:TAAGGCGAAGAGGATAx,5.363615,8.484042,dNC_nohox,0.016953092686367913,0.08057426807874087
nc02_zumi:TAAGGCGAAGGCTTAGx,6.158258,8.914355,dNC_nohox,0.024783951657272884,0.15893280213481994
nc02_zumi:TAAGGCGAATAGAGAGx,7.4384623,6.2783065,dNC_hoxa2b,0.06166699936196902,0.08444254488532481
nc02_zumi:TAAGGCGACTAGTCGAx,7.983932,8.4523115,dNC_nohox,0.03860331625422742,0.05044609453566122
nc02_zumi:TAAGGCGACTTAATAGx,9.863051,6.316022,dNC_hox34,0.02421315585207954,-0.06663653467231205
nc02_zumi:TAAGGCGATACTCCTTx,7.9086194,10.268807,NPB_nohox,-0.007129835225122838,0.07036951798624777
nc02_zumi:TAAGGCGATATGCAGTx,5.861756,8.042831,NPB_hox3,0.029443704337504886,0.11208987054565987
nc02_zumi:TACGCTGCCTAGTCGAx,7.9110665,10.180373,NPB_nohox,-0.0006882662901644637,0.08608463217016865
nc02_zumi:TACGCTGCCTCCTTACx,7.61929,7.196656,dNC_hoxa2b,0.02682708052858262,0.014768458990718025
nc02_zumi:TACGCTGCCTTAATAGx,7.4874024,6.6506042,dNC_hoxa2b,0.047062655108375324,0.06162103925046751
nc02_zumi:TACGCTGCTAAGGCTCx,7.4868774,9.943569,NPB_nohox,0.03238791298966662,0.12466626386902833
nc02_zumi:TACGCTGCTACTCCTTx,7.2178016,9.985016,dNC_nohox,-0.006307981635029675,0.13473728837784396
nc02_zumi:TAGCGCTCACTCTAGGx,7.282067,9.022326,dNC_nohox,0.10447284399832796,0.0697631822178985
nc02_zumi:TAGCGCTCATTAGACGx,7.4816003,8.736947,NPB_nohox,0.03266720041413248,0.09890593537011848
nc02_zumi:TAGCGCTCCTCCTTACx,6.8009133,9.089173,dNC_nohox,-0.04750765429130445,0.08453978019497146
nc02_zumi:TAGCGCTCTAAGGCTCx,8.347404,8.596978,dNC_nohox,0.016484986600941057,0.0893660369059716
nc02_zumi:TAGCGCTCTACTCCTTx,8.020231,8.649304,dNC_nohox,0.04246588703665247,0.0662205230902485
nc02_zumi:TGCAGCTAATAGAGAGx,7.1385813,9.247136,dNC_nohox,0.035200600280311405,0.10963151404677199
nc02_zumi:TGCAGCTACTAGTCGAx,7.747493,9.980393,NPB_nohox,0.021392350369628495,0.11997539630560038
nc02_zumi:TGCAGCTACTTAATAGx,7.937534,10.19558,NPB_nohox,-0.0014108519034770988,0.08049700385365037
nc03_zumi:AAGAGGCAACTCTAGGx,6.6448956,5.716666,mNC_arch2,0.07366373216404011,0.036744766035402006
nc03_zumi:AAGAGGCAATAGAGAGx,6.139064,5.906421,mNC_arch2,0.0922871053843577,-0.025790854896378057
nc03_zumi:AAGAGGCAATTAGACGx,3.5780048,3.3911693,mNC_arch1,0.11601577320555709,-0.15221940685946356
nc03_zumi:AAGAGGCACTAGTCGAx,4.986995,6.7789273,NPB_hox3,0.011983802751699349,0.05867760831442657
nc03_zumi:AAGAGGCACTCCTTACx,2.0482128,5.557246,Pigment,-0.06905762318104837,0.057542841474917984
nc03_zumi:AAGAGGCATAAGGCTCx,4.131313,4.074318,mNC_nohox,0.0005705483500640048,-0.12188306324841754
nc03_zumi:AAGAGGCATACTCCTTx,3.2664292,3.9342628,mNC_nohox,-0.04205808098349965,-0.11712887212533689
nc03_zumi:ACTCGCTAACTCTAGGx,3.7458398,4.73928,mNC_nohox,0.04577254467237735,-0.059526932543058804
nc03_zumi:ACTCGCTAATTAGACGx,4.8050303,4.0804443,mNC_nohox,0.01252801688530986,-0.12639936473455257
nc03_zumi:ACTCGCTACTAGTCGAx,1.3025132,5.755253,Pigment,-0.04651459398325826,0.09121032206439976
nc03_zumi:ACTCGCTATAAGGCTCx,2.1982276,3.255355,mNC_nohox,0.03313286937845356,-0.1129492593358552
nc03_zumi:ACTCGCTATACTCCTTx,2.4760213,3.8221622,mNC_nohox,-0.008328832266606741,-0.13150181464117436
nc03_zumi:AGGCAGAAACTCTAGGx,3.3728557,3.5282676,mNC_nohox,0.012359374135209574,-0.07946463768968157
nc03_zumi:AGGCAGAAATAGAGAGx,6.3238344,5.2505236,mNC_arch2,0.06581125310086833,0.022522825214288687
nc03_zumi:AGGCAGAAATTAGACGx,6.697814,5.6351833,mNC_arch2,0.10583613461005487,0.08287574218453674
nc03_zumi:AGGCAGAACTAGTCGAx,6.719521,6.037075,dNC_hoxa2b,0.10238937994093575,0.06446367485012708
nc03_zumi:AGGCAGAACTTAATAGx,3.4957356,4.767693,mNC_nohox,-0.016809024933902447,-0.12868055999647174
nc03_zumi:AGGCAGAATAAGGCTCx,6.3197846,6.1360173,dNC_hoxa2b,0.13466590485112134,0.06450398300329625
nc03_zumi:ATCTCAGGATTAGACGx,4.4345045,4.912979,mNC_nohox,0.06057647500424064,-0.06978839352872306
nc03_zumi:ATCTCAGGTACTCCTTx,5.283233,5.614429,mNC_vagal,-0.009558506466036804,-0.06650098332726015
nc03_zumi:ATGCGCAGACTCTAGGx,6.167933,5.703471,dNC_hox34,0.0754243400585636,-0.017776567211530998
nc03_zumi:ATGCGCAGCTCCTTACx,6.5119762,5.8745694,mNC_arch2,0.03502852538995081,-0.03746330918845046
nc03_zumi:ATGCGCAGCTTAATAGx,2.9147003,3.4850807,mNC_nohox,0.0925814563798903,-0.1252587920570514
nc03_zumi:ATGCGCAGTACTCCTTx,9.473739,5.6160955,dNC_hox34,0.051868957370458234,-0.02537624486689581
nc03_zumi:CCTAAGACATTAGACGx,4.5352073,7.3555775,NPB_hox3,-0.020868148909671518,0.03713880609732598
nc03_zumi:CCTAAGACCTAGTCGAx,4.330134,4.016447,mNC_nohox,-0.031187358436486273,-0.12522843201597267
nc03_zumi:CCTAAGACCTCCTTACx,2.4559755,3.0768893,mNC_nohox,0.045162303687785205,-0.08682702251164798
nc03_zumi:CCTAAGACCTTAATAGx,2.4656253,5.48377,mNC_nohox,-0.06670924489124073,-0.061950799203499315
nc03_zumi:CCTAAGACTAAGGCTCx,2.6977572,3.1887913,mNC_nohox,0.04051272162131458,-0.07095794548927033
nc03_zumi:CGAGGCTGATTAGACGx,6.02914,7.8895864,NPB_hox3,0.0006199645155568031,-0.016366251807409946
nc03_zumi:CGAGGCTGCTTAATAGx,5.651942,5.1050587,mNC_arch2,-0.09832912786090058,-0.17254236845064616
nc03_zumi:CGATCAGTATTAGACGx,1.591624,3.2976317,mNC_nohox,0.05576115622584832,-0.13129587374882692
nc03_zumi:CGATCAGTCTAGTCGAx,1.7383623,3.768256,mNC_nohox,0.007964495138023078,-0.16870169848689517
nc03_zumi:CGATCAGTCTTAATAGx,1.724078,3.3559937,mNC_nohox,0.04414664386422918,-0.1332904452695045
nc03_zumi:CGATCAGTTACTCCTTx,3.685329,4.7970333,mNC_nohox,0.07516125574643237,-0.0719376265846932
nc03_zumi:CGGAGCCTATTAGACGx,1.8530787,3.9629498,mNC_nohox,0.018333609502224707,-0.16057811673361955
nc03_zumi:CGTACTAGCTCCTTACx,1.6572014,3.6459587,mNC_nohox,0.01570363975195701,-0.12925685180088228
nc03_zumi:CGTACTAGCTTAATAGx,9.079333,5.090082,mNC_hox34,0.07438085296995857,-0.06354314592789088
nc03_zumi:CGTACTAGTAAGGCTCx,1.7755551,3.6618674,mNC_nohox,0.042558663995061266,-0.14548643143706624
nc03_zumi:CGTACTAGTACTCCTTx,4.3106027,4.5682554,mNC_nohox,0.07731974653547666,-0.10376723505456098
nc03_zumi:CTCTCTACACTCTAGGx,6.45933,5.732537,mNC_arch2,0.08473639681168899,0.02144474639394772
nc03_zumi:CTCTCTACATAGAGAGx,5.819393,5.281955,mNC_arch2,-0.08854606626226177,-0.19420611263406004
nc03_zumi:CTCTCTACATTAGACGx,1.8412925,5.525796,Pigment,-0.10277306431761507,0.08012899024885936
nc03_zumi:CTCTCTACCTAGTCGAx,4.062942,5.0065513,mNC_nohox,-0.06511852014164653,-0.17220885716103174
nc03_zumi:CTCTCTACCTCCTTACx,1.8687899,5.7746525,Pigment,-0.05975863372231607,0.022691219469532196
nc03_zumi:CTCTCTACTAAGGCTCx,3.6891496,5.352704,mNC_nohox,-0.08657969214959978,-0.1396056166197417
nc03_zumi:CTCTCTACTACTCCTTx,9.67346,5.9944534,dNC_hox34,0.04154945464050703,-0.014248370692490759
nc03_zumi:GCGTAGTAATTAGACGx,2.3967621,3.6351476,mNC_nohox,0.006483673737133857,-0.11745915610099553
nc03_zumi:GCGTAGTACTAGTCGAx,5.3588305,6.3785987,NPB_hox3,0.041843215070857,0.03747185990686935
nc03_zumi:GCGTAGTACTTAATAGx,3.1373792,5.235915,mNC_nohox,-0.0675500100836346,-0.010121601010125008
nc03_zumi:GCGTAGTATAAGGCTCx,2.6435356,3.7203212,mNC_nohox,-0.013779100112337595,-0.0956846102443735
nc03_zumi:GCGTAGTATACTCCTTx,2.645493,3.156081,mNC_nohox,0.0358429563658912,-0.06518257566941289
nc03_zumi:GCTCATGAATAGAGAGx,4.5783725,4.5353284,mNC_nohox,-0.062116423624858114,-0.1224959617763315
nc03_zumi:GCTCATGAATTAGACGx,5.9939356,4.728633,mNC_arch2,-0.07053186518673396,-0.1715902110198615
nc03_zumi:GCTCATGACTAGTCGAx,3.995754,4.3369107,mNC_nohox,0.062471686012396055,-0.09278866158079774
nc03_zumi:GCTCATGACTCCTTACx,3.5066838,3.9814687,mNC_nohox,0.053135100009642965,-0.08889872517230447
nc03_zumi:GCTCATGACTTAATAGx,3.924899,3.6297581,mNC_nohox,0.04331280325654709,-0.07316571104087637
nc03_zumi:GCTCATGATACTCCTTx,9.9209,5.8688216,dNC_hox34,0.016174898290964367,-0.009314186114910623
nc03_zumi:GGACTCCTATTAGACGx,2.962045,2.9169254,mNC_nohox,0.04073509852494191,-0.07202621967990677
nc03_zumi:GGACTCCTCTAGTCGAx,6.956208,5.8011594,mNC_arch2,0.09978407252540734,0.0969194986768861
nc03_zumi:GGACTCCTCTCCTTACx,2.0745935,4.589861,mNC_nohox,0.00588671215133136,-0.11694777655975715
nc03_zumi:GGACTCCTTAAGGCTCx,9.711968,5.6078806,dNC_hox34,0.040394774941178595,0.011262859907732754
nc03_zumi:GGAGCTACCTTAATAGx,3.562512,4.248492,mNC_nohox,0.10754781709043452,-0.07621766872649942
nc03_zumi:GGAGCTACTACTCCTTx,6.432377,5.4469066,mNC_arch2,0.057870763189846124,0.010243257437746229
nc03_zumi:GTAGAGGACTAGTCGAx,4.8130374,6.7984447,NPB_hox3,-0.0009743410553208024,0.04272354397157717
nc03_zumi:GTAGAGGACTTAATAGx,5.289913,5.107578,mNC_vagal,-0.05335548063659662,-0.028277710324237454
nc03_zumi:GTAGAGGATAAGGCTCx,3.8906932,3.755928,mNC_nohox,0.05640168239114392,-0.12279716665511035
nc03_zumi:GTAGAGGATACTCCTTx,6.46771,5.780672,mNC_arch2,0.10270661325784028,0.0457105602816599
nc03_zumi:TAAGGCGAACTCTAGGx,6.0648246,6.60625,dNC_hoxa2b,0.03934865110380042,0.09771349277037979
nc03_zumi:TAAGGCGAATAGAGAGx,4.2811627,4.463809,mNC_nohox,0.08747152043574223,-0.1067542721591924
nc03_zumi:TAAGGCGAATTAGACGx,9.845786,5.9652114,dNC_hox34,0.025942097807866955,-0.011387215467773165
nc03_zumi:TAAGGCGACTAGTCGAx,6.0760045,5.495779,mNC_arch2,-0.00729576324689242,-0.07506901944628935
nc03_zumi:TAAGGCGACTCCTTACx,2.1876743,2.7926326,mNC_nohox,0.04270237096210706,-0.19000162124653275
nc03_zumi:TAAGGCGACTTAATAGx,3.0906405,5.4527664,mNC_nohox,-0.08408297386729953,-0.11906173374333966
nc03_zumi:TAAGGCGATAAGGCTCx,1.9741896,5.7072744,Pigment,-0.04838765879706515,0.04170910686748376
nc03_zumi:TAAGGCGATACTCCTTx,4.052447,4.410202,mNC_nohox,0.09524535451579091,-0.09594806054056158
nc03_zumi:TACGCTGCACTCTAGGx,1.8992612,2.7831826,mNC_nohox,0.07777676912645491,-0.09148715573212089
nc03_zumi:TACGCTGCATAGAGAGx,4.1791143,7.5197186,NPB_hox3,-0.014680468937416298,0.028460858311772304
nc03_zumi:TACGCTGCATTAGACGx,2.6568942,3.3850803,mNC_nohox,0.024691006263019746,-0.0979148422263778
nc03_zumi:TACGCTGCCTAGTCGAx,1.8106349,5.8016853,Pigment,-0.04776808106011387,0.05467860865699515
nc03_zumi:TACGCTGCCTCCTTACx,3.424648,4.254025,mNC_nohox,0.06715124965915936,-0.09818801605353054
nc03_zumi:TACGCTGCTAAGGCTCx,1.4598842,5.8332543,Pigment,-0.012899740237586102,0.012544760655910264
nc03_zumi:TACGCTGCTACTCCTTx,4.7435474,4.1858034,mNC_nohox,-0.047425910920427417,-0.11980834121929211
nc03_zumi:TAGCGCTCACTCTAGGx,4.1766815,3.9456406,mNC_nohox,-0.00626476536422703,-0.09985439968905684
nc03_zumi:TAGCGCTCATAGAGAGx,2.700286,3.5382903,mNC_nohox,0.0009513921913930747,-0.1240529161788628
nc03_zumi:TAGCGCTCATTAGACGx,6.324092,5.544249,mNC_arch2,0.059416051850565664,-0.013977725482457992
nc03_zumi:TAGCGCTCCTAGTCGAx,3.7334156,4.392297,mNC_nohox,0.018589153711003108,-0.13300629192064659
nc03_zumi:TAGCGCTCCTCCTTACx,1.6664413,5.5180087,Pigment,-0.025949201225697428,0.04739000705266952
nc03_zumi:TAGCGCTCTAAGGCTCx,2.526737,4.047073,mNC_nohox,-0.014737762077950618,-0.1643740867355193
nc03_zumi:TAGCGCTCTACTCCTTx,4.1511817,7.3540916,NPB_hox3,-0.04243102705523851,0.038597668454804834
nc03_zumi:TAGGCATGCTAGTCGAx,1.969383,3.1397395,mNC_nohox,0.059258441648269704,-0.11873029359077417
nc03_zumi:TAGGCATGCTCCTTACx,2.1882796,3.3710024,mNC_nohox,0.031266641812253984,-0.12683440332866203
nc03_zumi:TCCTGAGCCTCCTTACx,1.637527,3.577004,mNC_nohox,0.01911256081920035,-0.16332306370247116
nc03_zumi:TCCTGAGCTACTCCTTx,1.9616139,3.435261,mNC_nohox,0.05889706566341865,-0.1323288138423394
nc03_zumi:TGCAGCTAATTAGACGx,9.372082,6.018647,dNC_hox34,0.07825762227022509,-0.03134873037263918
nc03_zumi:TGCAGCTACTAGTCGAx,8.976182,5.3509755,dNC_hox34,0.08508019724399227,-0.035046279775617264
nc03_zumi:TGCAGCTACTCCTTACx,4.052276,5.3774753,mNC_nohox,-0.12633443583574144,-0.15405009238305234
nc03_zumi:TGCAGCTATACTCCTTx,3.7588637,4.0613284,mNC_nohox,0.07256217005987023,-0.09456521473525217
nc04_zumi:AAGAGGCAAGAGGATAx,6.1599283,10.535899,dNC_nohox,-0.014691835237727005,0.0952520420426477
nc04_zumi:AAGAGGCAATAGCCTTx,6.7356153,6.5197954,dNC_hoxa2b,0.06766440089594562,0.03185067750659447
nc04_zumi:AAGAGGCATATGCAGTx,6.99665,6.53333,dNC_hoxa2b,0.07635190169716476,0.07085289142931847
nc04_zumi:ACTCGCTAAGAGGATAx,5.9661784,11.033298,dNC_nohox,-0.0067842630972716695,0.0508976523192453
nc04_zumi:ACTCGCTAAGCTAGAAx,6.7619023,8.464636,dNC_nohox,-0.015322378979926823,0.028536883181761227
nc04_zumi:ACTCGCTAATAGCCTTx,7.2514615,6.391635,dNC_hoxa2b,0.06738015189216374,0.08789721811858282
nc04_zumi:ACTCGCTATATGCAGTx,6.753592,8.778116,dNC_nohox,-0.00985905943571442,0.018551498942246013
nc04_zumi:ACTCGCTATCGCATAAx,6.5412316,7.6496944,NPB_hox3,0.057522408751381024,0.08697313332852165
nc04_zumi:ACTCGCTATCTTACGCx,6.4553595,6.827572,dNC_hoxa2b,0.0937837639135247,0.022599030996851156
nc04_zumi:ACTGAGCGCTCCTTACx,0.497338,6.273842,mNC_vagal,-0.17463794325319196,0.046807181601062446
nc04_zumi:AGGCAGAAAGAGGATAx,8.069066,9.719524,NPB_nohox,-0.002923297654005037,0.0983398744836605
nc04_zumi:AGGCAGAAAGCTAGAAx,6.0778675,7.636231,NPB_hox3,0.019569922361322153,0.0599686295516569
nc04_zumi:AGGCAGAAATAGCCTTx,5.834607,10.835491,dNC_nohox,-0.007564258300591255,0.05145810699537806
nc04_zumi:ATCTCAGGATAGAGAGx,2.4641252,0.33690253,mNC_head_mesenchymal,-0.012192912733266247,-0.11717036140887131
nc04_zumi:ATCTCAGGATTAGACGx,4.3048263,2.0584195,mNC_arch1,0.07335259580880975,-0.13173794921821108
nc04_zumi:ATGCGCAGCTCCTTACx,4.547609,1.6549748,mNC_arch1,0.05677773516845618,-0.10558711573065353
nc04_zumi:ATGCGCAGTAAGGCTCx,8.4934635,3.9699655,mNC_hox34,0.024460427989391423,-0.05797362134545695
nc04_zumi:ATGCGCAGTACTCCTTx,2.624992,0.05305994,mNC_head_mesenchymal,-0.08439470078771252,-0.07433237671806629
nc04_zumi:CCTAAGACAGAGGATAx,5.935422,10.88527,dNC_nohox,-0.0020613636110507847,0.043677219404415754
nc04_zumi:CCTAAGACAGCTAGAAx,5.655679,10.7754545,dNC_nohox,0.006206790162495873,0.044012552296494895
nc04_zumi:CCTAAGACTATGCAGTx,7.575794,10.731337,NPB_nohox,-0.010886195770689179,0.05248931698244003
nc04_zumi:CCTAAGACTCGCATAAx,5.3085804,10.3584,dNC_nohox,0.04331481200994997,0.06389753910329384
nc04_zumi:CCTAAGACTCTTACGCx,9.630113,6.114805,dNC_hox34,0.046557563838659,-0.044554458235201475
nc04_zumi:CGATCAGTATAGAGAGx,2.506864,6.18468,mNC_vagal,-0.10463617270151203,0.07244859023495791
nc04_zumi:CGATCAGTATTAGACGx,3.3862743,0.62672824,mNC_head_mesenchymal,-0.07489516038365167,-0.13844983896824273
nc04_zumi:CGATCAGTCTCCTTACx,0.6195732,6.150564,mNC_vagal,-0.16484880132851795,0.05300419000785733
nc04_zumi:CGATCAGTCTTAATAGx,5.538136,3.2475183,mNC_arch2,-0.026003491633401772,-0.14209437474880568
nc04_zumi:CGGAGCCTACTCTAGGx,7.439558,4.0052423,mNC_hox34,0.16113359735370708,-0.09968384280075018
nc04_zumi:CGGAGCCTCTCCTTACx,4.4467053,1.6856046,mNC_arch1,0.09025952875600879,-0.098521510707506
nc04_zumi:CGGAGCCTCTTAATAGx,4.9311123,3.747696,mNC_arch2,0.030143482489820846,-0.16179879001265174
nc04_zumi:CGGAGCCTTAAGGCTCx,5.328074,1.452868,mNC_arch2,-0.01589342327997694,-0.05240831805640588
nc04_zumi:CGTACTAGCTAGTCGAx,4.3991847,1.847751,mNC_arch1,0.040260508699235364,-0.1220320769842875
nc04_zumi:CTCTCTACAGGCTTAGx,6.981298,6.189365,dNC_hoxa2b,0.11619270986140001,0.10725159458552036
nc04_zumi:CTCTCTACATAGCCTTx,5.600886,8.772555,dNC_nohox,-0.01853436423413035,0.05581283483823794
nc04_zumi:CTCTCTACTATGCAGTx,7.271566,6.226243,dNC_hoxa2b,0.07068759972073861,0.09000532787507537
nc04_zumi:CTCTCTACTCGCATAAx,5.865612,8.358301,dNC_nohox,-0.01955536617724331,0.04746067940582716
nc04_zumi:CTCTCTACTCTTACGCx,7.143405,6.74995,dNC_hoxa2b,0.0796557645455465,0.03905168415404337
nc04_zumi:GCGTAGTAAGCTAGAAx,7.469985,10.695398,NPB_nohox,-0.009459099165780093,0.057470177003996405
nc04_zumi:GCGTAGTAAGGCTTAGx,9.1971,6.6653776,dNC_hox34,0.062053428619074626,-0.06820511322755773
nc04_zumi:GCGTAGTACGGAGAGAx,5.6331267,10.574139,dNC_nohox,0.011983790274970138,0.06683162496915616
nc04_zumi:GCGTAGTATCTTACGCx,5.520986,8.925153,dNC_nohox,0.01785493562715661,0.08161395392384645
nc04_zumi:GCTCATGAAGCTAGAAx,5.402723,10.643081,dNC_nohox,0.07278682604603334,0.061676248777223684
nc04_zumi:GCTCATGAAGGCTTAGx,5.498916,8.618579,dNC_nohox,0.01942489494043492,0.058934529122327856
nc04_zumi:GCTCATGAATAGCCTTx,7.1356244,6.711467,dNC_hoxa2b,0.0811189272156932,0.05434130444170076
nc04_zumi:GCTCATGATATGCAGTx,5.7961946,9.971198,dNC_nohox,-0.04358115690731487,0.09112362543202618
nc04_zumi:GCTCATGATCGCATAAx,5.3994613,7.4919558,NPB_hox3,0.005572556427632069,0.05283227731497648
nc04_zumi:GGACTCCTAGCTAGAAx,6.1468863,8.668308,dNC_nohox,0.010876141606400437,0.112319567130424
nc04_zumi:GGACTCCTATAGCCTTx,7.138882,6.32175,dNC_hoxa2b,0.0665799277518843,0.04141652756749905
nc04_zumi:GGACTCCTTATGCAGTx,5.90007,7.423924,NPB_hox3,0.03750704428324277,0.06321516182931669
nc04_zumi:GGACTCCTTCGCATAAx,6.0070114,8.669001,dNC_nohox,0.0072267794110879215,0.06250662501309501
nc04_zumi:GGAGCTACCTTAATAGx,7.091637,3.4946105,mNC_hox34,0.19750592470435813,-0.03355897879335809
nc04_zumi:GGAGCTACTAAGGCTCx,-1.4554207,6.5996766,Pigment,-0.1767058529881685,0.06121868552797965
nc04_zumi:GGAGCTACTACTCCTTx,4.8358116,1.7343022,mNC_arch2,0.03188862755794288,-0.10317671146103108
nc04_zumi:GTAGAGGAACTCTAGGx,2.877514,7.433952,mNC_vagal,-0.015363969117022374,-0.013151903252748476
nc04_zumi:GTAGAGGACTAGTCGAx,8.602444,4.3850794,mNC_hox34,-0.02108131382823181,-0.13295935446535692
nc04_zumi:GTAGAGGACTCCTTACx,1.3092178,6.488274,mNC_vagal,-0.12423765494937197,0.05852631133711109
nc04_zumi:GTAGAGGATAAGGCTCx,1.1049863,5.922721,mNC_vagal,-0.10161247064864087,0.09070691931203657
nc04_zumi:TAAGGCGACGGAGAGAx,6.353896,9.7247715,dNC_nohox,-0.05629687370686653,0.124951290588931
nc04_zumi:TAAGGCGATATGCAGTx,9.425027,6.113057,dNC_hox34,0.07329634239570963,-0.028032727666735684
nc04_zumi:TAAGGCGATCTTACGCx,7.5168324,10.561199,NPB_nohox,-0.013915337677496078,0.07109779298808037
nc04_zumi:TACGCTGCAGAGGATAx,8.941769,6.3588758,dNC_hox34,0.06384217569687739,-0.017100251548495263
nc04_zumi:TACGCTGCAGCTAGAAx,5.798557,10.38871,dNC_nohox,0.034395181661770684,0.09810903835762849
nc04_zumi:TACGCTGCTCGCATAAx,5.8259015,10.707817,dNC_nohox,-0.0021585074246832352,0.08677419604017099
nc04_zumi:TAGCGCTCAGAGGATAx,5.3311167,9.712686,dNC_nohox,-0.0017013600664128787,0.061345249469090306
nc04_zumi:TAGCGCTCAGCTAGAAx,6.7738028,8.626728,dNC_nohox,0.0003648237210228707,0.013842989283714498
nc04_zumi:TAGCGCTCATAGCCTTx,9.327651,6.375132,dNC_hox34,0.06389818789321278,-0.06204007020099998
nc04_zumi:TAGCGCTCCGGAGAGAx,5.9219184,7.599865,NPB_hox3,0.028580460237983538,0.048979197164570845
nc04_zumi:TAGCGCTCTATGCAGTx,8.92158,6.4512963,dNC_hox34,0.0750551952303242,-0.03551851149950304
nc04_zumi:TAGCGCTCTCGCATAAx,5.7198296,10.997655,dNC_nohox,0.005439579447707247,0.03940512078020685
nc04_zumi:TAGCGCTCTCTTACGCx,5.875453,11.086487,dNC_nohox,0.0158752405266076,0.031317006209166776
nc04_zumi:TAGGCATGCTCCTTACx,2.414213,6.4064465,mNC_vagal,-0.08260517183487924,0.05064472406469135
nc04_zumi:TCCTGAGCACTCTAGGx,7.807023,3.6845758,mNC_hox34,0.03451469209196771,-0.10830430613592164
nc04_zumi:TCCTGAGCCTCCTTACx,-0.18974183,6.807003,mNC_vagal,-0.1836408349743022,0.016536033059050687
nc04_zumi:TCGACGTCACTCTAGGx,2.017773,3.1117191,mNC_nohox,0.001904585190702189,-0.20111073457911505
nc04_zumi:TCGACGTCATAGAGAGx,2.7246823,7.247665,mNC_vagal,-0.04922087972719645,-0.038712088379484
nc04_zumi:TCGACGTCATTAGACGx,2.2872756,0.08563895,mNC_head_mesenchymal,0.010265636531040012,-0.09202396284749015
nc04_zumi:TGCAGCTAAGAGGATAx,6.2668424,10.454378,dNC_nohox,-0.03320246457398937,0.08840961243379698
nc04_zumi:TGCAGCTAATAGCCTTx,4.704895,7.454275,NPB_hox3,0.01239405840268715,0.07457774407471872
nc04_zumi:TGCAGCTACGGAGAGAx,5.3831067,9.100163,dNC_nohox,0.01278685079169008,0.07421279142749401
nc04_zumi:TGCAGCTATCTTACGCx,5.7320113,9.694053,NPB_nohox,0.05726692692624868,0.11585388348514196
nc05_zumi:AAGAGGCAATTAGACGx,7.3182163,9.226214,dNC_nohox,0.007473063807337314,0.1202805521486292
nc05_zumi:AAGAGGCACTAGTCGAx,7.262404,10.162543,NPB_nohox,0.051643927082418814,0.11282793562101293
nc05_zumi:AAGAGGCACTCCTTACx,6.916883,10.253819,dNC_nohox,-0.02478864082800114,0.17483402752946317
nc05_zumi:AAGAGGCATACTCCTTx,7.739396,6.9053698,dNC_hoxa2b,0.024135492371654316,0.038604048222341106
nc05_zumi:ACTGAGCGAGAGGATAx,6.095715,10.6811,dNC_nohox,-0.010200807446062589,0.0793072063205043
nc05_zumi:AGGCAGAAACTCTAGGx,7.971153,6.836778,dNC_hoxa2b,0.011145279211653609,0.028696327463251115
nc05_zumi:AGGCAGAAATAGAGAGx,2.891082,0.19985603,mNC_head_mesenchymal,-0.026208070482810413,-0.07205593924888602
nc05_zumi:AGGCAGAAATTAGACGx,6.362192,10.731228,dNC_nohox,0.07130358415967729,0.09905358498359478
nc05_zumi:AGGCAGAACTAGTCGAx,7.296957,6.9952087,dNC_hoxa2b,0.05689099475731878,0.04792735898521429
nc05_zumi:ATCTCAGGTCGCATAAx,6.611154,10.9453745,dNC_nohox,-0.022441506052204803,0.05960313208725667
nc05_zumi:ATGCGCAGTATGCAGTx,6.2433977,10.400771,dNC_nohox,-0.038434447883273916,0.13323432494151596
nc05_zumi:ATGCGCAGTCGCATAAx,9.948071,6.2808228,dNC_hox34,0.012534953946750861,-0.07487448228444024
nc05_zumi:GCGTAGTAATTAGACGx,6.8535166,9.808321,dNC_nohox,0.020892628252382396,0.1299431800391094
nc05_zumi:GCTCATGACTAGTCGAx,7.1487503,9.691523,NPB_nohox,0.10194785344763686,0.1047360530777513
nc05_zumi:GCTCATGACTTAATAGx,7.1099973,10.321766,dNC_nohox,-0.012294668777796822,0.11392150430066865
nc05_zumi:GCTCATGATAAGGCTCx,6.9923105,9.970287,dNC_nohox,0.0040565007434525775,0.09636925828306694
nc05_zumi:GCTCATGATACTCCTTx,7.3392544,9.537211,NPB_nohox,0.05623911892735142,0.06337760468472682
nc05_zumi:GGACTCCTACTCTAGGx,7.731818,9.55441,NPB_nohox,0.0424747371965724,0.043655588914874595
nc05_zumi:GGACTCCTTACTCCTTx,7.3715606,10.221011,NPB_nohox,0.029407692338093833,0.14235733429364483
nc05_zumi:GGAGCTACAGGCTTAGx,5.988643,9.414502,dNC_nohox,-0.04105794636999113,0.07297893440459614
nc05_zumi:GGAGCTACCGGAGAGAx,6.376084,10.816562,dNC_nohox,0.04770062770309252,0.07081886322985187
nc05_zumi:GTAGAGGACGGAGAGAx,6.276702,9.236409,dNC_nohox,0.022628740168556073,0.11402759808805472
nc05_zumi:TACGCTGCCTCCTTACx,7.848197,6.649202,dNC_hoxa2b,0.021020934776672776,0.03579481282677787
nc05_zumi:TAGCGCTCCTCCTTACx,6.7086854,9.623599,dNC_nohox,0.05624775698287478,0.12034981463138607
nc05_zumi:TAGGCATGAGGCTTAGx,6.7283015,10.812706,dNC_nohox,0.057202588592620195,0.06555376668124283
nc05_zumi:TCGACGTCTATGCAGTx,10.167776,5.8448105,dNC_hox34,0.00042239550850955694,-0.01625232887244433
nc05_zumi:TGCAGCTACTTAATAGx,8.568244,8.540775,NPB_nohox,0.02439805266115872,0.11559292021697648
nc06_zumi:AAGAGGCAAGCTAGAAx,7.305539,3.854685,mNC_hox34,0.12915087446296886,-0.062126675337359355
nc06_zumi:AAGAGGCAAGGCTTAGx,4.362379,3.4236987,mNC_arch1,0.06812708792198541,-0.16617642513034198
nc06_zumi:AAGAGGCAATAGCCTTx,1.9073253,0.35896626,mNC_head_mesenchymal,0.05345027466622777,-0.12153873047566795
nc06_zumi:AAGAGGCATATGCAGTx,4.1712,6.0426564,mNC_vagal,-0.03367909642437669,0.026349072079072413
nc06_zumi:AAGAGGCATCGCATAAx,1.5107871,5.257029,Pigment,-0.13747981486122873,0.11381095216204472
nc06_zumi:AAGAGGCATCTTACGCx,-1.875046,6.019424,Pigment,-0.10181084232526733,0.12044477917631644
nc06_zumi:ACTCGCTAAGAGGATAx,2.7868488,6.706788,mNC_vagal,-0.04269755494463183,0.09125547950632205
nc06_zumi:ACTCGCTAAGCTAGAAx,6.991239,3.9882565,mNC_hox34,0.18062316334054943,-0.0936901385375296
nc06_zumi:ACTCGCTAAGGCTTAGx,2.4377367,-0.407918,mNC_head_mesenchymal,-0.004465313252761707,-0.02387054486796098
nc06_zumi:ACTCGCTAATAGCCTTx,5.364355,1.91189,mNC_arch2,-0.04049687617521733,-0.10390045325125054
nc06_zumi:ACTCGCTATATGCAGTx,3.4603558,7.5909047,mNC_vagal,-0.014013995334272727,0.042284117727695365
nc06_zumi:ACTCGCTATCGCATAAx,3.764228,6.8510575,mNC_vagal,-0.039339235332156275,0.009190175744378366
nc06_zumi:AGGCAGAAAGAGGATAx,3.2575557,6.584631,mNC_vagal,-0.035255240036433634,0.10288136232716165
nc06_zumi:AGGCAGAAAGGCTTAGx,5.410753e-05,6.260374,mNC_vagal,-0.17413118841958092,0.07690152657234287
nc06_zumi:AGGCAGAAATAGCCTTx,4.784711,3.411874,mNC_arch2,0.05121152523708249,-0.1297891257046384
nc06_zumi:AGGCAGAACGGAGAGAx,6.2453847,4.267542,mNC_vagal,0.10273281438918219,-0.0695201438506987
nc06_zumi:AGGCAGAATATGCAGTx,0.26601776,6.2930355,mNC_vagal,-0.15684003875525623,0.07578797017249202
nc06_zumi:AGGCAGAATCGCATAAx,2.6477194,6.2819033,mNC_vagal,-0.07225450223536037,0.08536547349847914
nc06_zumi:AGGCAGAATCTTACGCx,-1.6429139,6.127842,Pigment,-0.1300700184682627,0.11179924593325147
nc06_zumi:CCTAAGACAGAGGATAx,4.000108,2.5838873,mNC_arch1,0.12007807978700226,-0.15804094889521908
nc06_zumi:CCTAAGACAGCTAGAAx,2.1542814,0.029147727,mNC_head_mesenchymal,0.03322503913604078,-0.07632723936242546
nc06_zumi:CCTAAGACAGGCTTAGx,6.7608304,3.539138,mNC_hox34,0.14565320371751242,-0.03525395493332496
nc06_zumi:CCTAAGACATAGCCTTx,3.5344484,0.97188693,mNC_head_mesenchymal,-0.06055832136323945,-0.16573869156272306
nc06_zumi:CCTAAGACCGGAGAGAx,2.4917476,3.3065867,mNC_nohox,0.028138754911565964,-0.20127105223164968
nc06_zumi:CCTAAGACTATGCAGTx,3.4893646,0.32088116,mNC_head_mesenchymal,-0.09322157081312196,-0.09405437585227958
nc06_zumi:CGATCAGTAGCTAGAAx,7.994015,9.563993,NPB_nohox,0.0004336911073547379,0.07809093316797368
nc06_zumi:CTCTCTACAGAGGATAx,3.487614,7.9455047,mNC_vagal,-0.015264700100514414,0.016572456790525682
nc06_zumi:CTCTCTACAGCTAGAAx,3.3448362,7.2245917,mNC_vagal,-0.05693826076647765,0.025707718290739187
nc06_zumi:CTCTCTACATAGCCTTx,3.904396,6.1630936,mNC_vagal,-0.07122404085205103,0.04279832948646452
nc06_zumi:CTCTCTACCGGAGAGAx,3.51838,7.3440185,mNC_vagal,-0.0348240172420077,0.048359852326564826
nc06_zumi:CTCTCTACTATGCAGTx,3.7926521,8.007033,NC_trunk,-0.035698991546441725,-0.0006491642208189589
nc06_zumi:CTCTCTACTCGCATAAx,1.4229896,5.769517,Pigment,-0.13952223047951862,0.09849501013466305
nc06_zumi:CTCTCTACTCTTACGCx,3.2898076,0.44420725,mNC_head_mesenchymal,-0.09868063059403644,-0.12560723383262096
nc06_zumi:GCGTAGTAAGAGGATAx,2.7188091,1.4364213,mNC_head_mesenchymal,-0.010162647369772473,-0.21120968200790363
nc06_zumi:GCGTAGTAAGCTAGAAx,2.9856985,7.0627384,mNC_vagal,-0.0650850533949944,0.0531328334038364
nc06_zumi:GCGTAGTAAGGCTTAGx,2.8518012,6.7795362,mNC_vagal,-0.07272060788520382,0.04500086728853138
nc06_zumi:GCGTAGTAATAGCCTTx,-1.7446208,6.8761697,Pigment,-0.1369845635719497,0.000750500215466116
nc06_zumi:GCGTAGTACGGAGAGAx,6.8005266,3.536195,mNC_hox34,0.13079237950044953,-0.020366813135447536
nc06_zumi:GCGTAGTATATGCAGTx,7.8996572,4.1689243,mNC_hox34,0.1169554871784092,-0.12219151294795792
nc06_zumi:GCGTAGTATCGCATAAx,5.571125,2.9630072,mNC_arch2,-0.0772256969506884,-0.15458351414589583
nc06_zumi:GCGTAGTATCTTACGCx,5.2616806,3.5895357,mNC_arch2,-0.08434394545328447,-0.19495711191869458
nc06_zumi:GCTCATGAAGAGGATAx,0.9738798,6.095587,mNC_vagal,-0.1338861758180249,0.08579457316948444
nc06_zumi:GCTCATGAAGCTAGAAx,4.67824,5.4075117,mNC_vagal,-0.05472549204645823,-0.05499127549100866
nc06_zumi:GCTCATGAATAGCCTTx,6.4511313,4.141333,mNC_hox34,0.1355468783828507,-0.04262365527751842
nc06_zumi:GCTCATGACGGAGAGAx,2.3544776,0.9444438,mNC_head_mesenchymal,-0.002094684795862121,-0.23282084093660527
nc06_zumi:GCTCATGATATGCAGTx,3.8848279,3.8096569,Pigment,0.0526619658023443,-0.0913625298429476
nc06_zumi:GCTCATGATCGCATAAx,1.8389332,6.8244896,mNC_vagal,-0.09751023021590284,0.03308028412374131
nc06_zumi:GCTCATGATCTTACGCx,5.4192367,1.9562621,mNC_arch2,-0.04544146218604923,-0.12662686541497564
nc06_zumi:GGACTCCTAGAGGATAx,4.4034986,2.462367,mNC_arch1,0.08287773846121041,-0.1347333124601356
nc06_zumi:GGACTCCTAGCTAGAAx,4.048382,2.7214088,mNC_arch1,0.0773199212096856,-0.14323794184131736
nc06_zumi:GGACTCCTAGGCTTAGx,7.9802465,3.872386,mNC_hox34,0.12886464997706198,-0.05592421044098977
nc06_zumi:GGACTCCTATAGCCTTx,6.20825,3.6508236,mNC_vagal,0.06662085142369453,-0.044857584530278743
nc06_zumi:GGACTCCTCGGAGAGAx,7.5903497,3.80206,mNC_hox34,0.11841796778735908,-0.06812591926834936
nc06_zumi:GGACTCCTTATGCAGTx,8.487639,3.8535504,mNC_hox34,0.016353964308592536,-0.057045153064533186
nc06_zumi:GGACTCCTTCGCATAAx,3.3318193,0.69153714,mNC_head_mesenchymal,-0.06508884632067437,-0.13694884685512998
nc06_zumi:GGACTCCTTCTTACGCx,1.695896,5.4104576,Pigment,-0.06674106886854682,0.09237261256854656
nc06_zumi:GGAGCTACATAGCCTTx,8.792329,8.461177,NPB_nohox,-0.05149041340621362,0.1655294984029614
nc06_zumi:TAAGGCGAAGAGGATAx,8.261419,3.9558392,mNC_hox34,0.06100678075906961,-0.09317112323801444
nc06_zumi:TAAGGCGAAGCTAGAAx,3.934622,8.012094,mNC_vagal,-0.034652310415158816,0.001573939389896438
nc06_zumi:TAAGGCGAAGGCTTAGx,5.14004,1.3030581,mNC_arch1,0.012988932215801769,-0.0450043940439882
nc06_zumi:TAAGGCGAATAGCCTTx,5.480926,2.2979667,mNC_arch2,-0.04763566137409378,-0.14366439644573004
nc06_zumi:TAAGGCGATATGCAGTx,7.211767,3.7250996,mNC_hox34,0.1740629822998972,-0.07352448354823218
nc06_zumi:TACGCTGCAGAGGATAx,4.0453334,3.5554798,mNC_arch1,0.06271830104196952,-0.1286181680326001
nc06_zumi:TACGCTGCAGCTAGAAx,4.5622964,2.281697,mNC_arch1,0.060213427137675385,-0.1387464025037553
nc06_zumi:TACGCTGCTCTTACGCx,2.7644827,7.243882,mNC_vagal,-0.0211608488180386,0.033039942699294236
nc06_zumi:TAGCGCTCAGCTAGAAx,5.0152183,3.24359,mNC_arch2,0.024494464506677492,-0.11481520409619267
nc06_zumi:TAGCGCTCAGGCTTAGx,3.1101243,7.3024044,mNC_vagal,-0.031197716201185804,0.043717078395333356
nc06_zumi:TAGCGCTCTATGCAGTx,2.9865289,-0.24680898,mNC_head_mesenchymal,-0.0836027029708925,-0.04759101963697884
nc06_zumi:TGCAGCTAAGAGGATAx,5.4834137,3.6121347,mNC_arch2,0.013740796553661559,-0.12409594425899985
nc06_zumi:TGCAGCTAAGCTAGAAx,2.865122,2.4291682,mNC_arch1,0.04985896461247655,-0.1717226639771595
nc06_zumi:TGCAGCTAAGGCTTAGx,2.0532343,1.3796092,mNC_head_mesenchymal,0.015123542545137283,-0.18571729542769763
nc06_zumi:TGCAGCTAATAGCCTTx,2.684173,1.1656766,mNC_head_mesenchymal,-0.016776933746645774,-0.1897712675540302
nc06_zumi:TGCAGCTACGGAGAGAx,7.3243685,4.1006904,mNC_hox34,0.11749043942003583,-0.0767763517070843
nc06_zumi:TGCAGCTATATGCAGTx,3.4162896,6.947674,mNC_vagal,-0.0605573772907292,0.029286451801446296
nc06_zumi:TGCAGCTATCTTACGCx,6.8538074,3.6019173,mNC_hox34,0.1920284076820317,-0.03470828102239683
nc07_zumi:AAGAGGCATAAGGCTCx,6.3502107,10.453507,dNC_nohox,-0.01177693442248059,0.08044172362542867
nc07_zumi:ACTCGCTACTAGTCGAx,5.8122125,9.07846,dNC_nohox,0.011487465986979013,0.1270478718476331
nc07_zumi:ACTGAGCGACTCTAGGx,6.9023347,9.619599,dNC_nohox,0.0541911844358408,0.059834034755844465
nc07_zumi:ATGCGCAGTAAGGCTCx,6.7035236,10.470843,dNC_nohox,-0.10251485424769537,0.15530426983892426
nc07_zumi:CCTAAGACCTAGTCGAx,6.6810594,7.305584,dNC_hoxa2b,0.08326504940718023,0.05313782409552057
nc07_zumi:CGAGGCTGATTAGACGx,7.4474764,9.244163,NPB_nohox,0.09307453671828671,0.046545295054935404
nc07_zumi:CGAGGCTGTACTCCTTx,7.3205676,8.613917,dNC_nohox,0.06128507004519864,0.032493773878107424
nc07_zumi:CGATCAGTCTAGTCGAx,6.8415694,9.883458,dNC_nohox,-0.0516664642142826,0.15263779317898682
nc07_zumi:CGATCAGTCTCCTTACx,7.457282,6.620926,dNC_hoxa2b,0.04668164075174704,0.048439262549079515
nc07_zumi:CGATCAGTTACTCCTTx,7.254718,9.601385,NPB_nohox,0.10591789877548059,0.08457980554227855
nc07_zumi:CGGAGCCTATTAGACGx,7.017021,10.161346,dNC_nohox,-0.03012688428106123,0.1234222424707337
nc07_zumi:CGTACTAGACTCTAGGx,8.0019245,8.730014,dNC_nohox,0.003962187067896027,0.117886151363674
nc07_zumi:CGTACTAGCTAGTCGAx,6.6495647,8.530457,dNC_nohox,-0.020289694472197837,0.09735628401308502
nc07_zumi:CGTACTAGCTCCTTACx,8.544591,8.089242,dNC_hoxa2b,-0.04230411376570996,0.18182013083408177
nc07_zumi:CGTACTAGTACTCCTTx,6.951907,10.637166,dNC_nohox,-0.037411680482977674,0.09177341348930566
nc07_zumi:CTCTCTACACTCTAGGx,8.801864,6.625667,dNC_hox34,0.06582491096044402,-0.022592091855955287
nc07_zumi:CTCTCTACCTAGTCGAx,8.4211235,6.843098,dNC_hox34,0.07273943111067263,-0.02614565564493521
nc07_zumi:GCGTAGTATAAGGCTCx,6.0761857,8.826978,dNC_nohox,-0.013656453864199015,0.06838239507290882
nc07_zumi:GCTCATGACTAGTCGAx,7.2898808,11.097162,NPB_nohox,-0.002827459738029945,0.03280740973808961
nc07_zumi:GGACTCCTACTCTAGGx,5.847223,9.133796,dNC_nohox,-0.0418954218647832,0.040525888729541326
nc07_zumi:GGACTCCTCTCCTTACx,5.524041,9.496519,dNC_nohox,0.07513167758038417,0.13799430526695025
nc07_zumi:GGAGCTACATTAGACGx,7.444081,10.465996,NPB_nohox,0.03164851290428805,0.09604662670132402
nc07_zumi:GTAGAGGAATTAGACGx,8.169879,8.8211,dNC_nohox,0.04506886546272826,0.08554606167707099
nc07_zumi:GTAGAGGACTCCTTACx,7.745749,6.9167795,dNC_hoxa2b,0.023848685638384298,0.04149218645343113
nc07_zumi:GTAGAGGATAAGGCTCx,7.368215,9.006727,NPB_nohox,0.019110439775234578,0.04169908805392778
nc07_zumi:GTAGAGGATACTCCTTx,7.3940325,6.361699,dNC_hoxa2b,0.05437452997158815,0.047681238865899506
nc07_zumi:TAAGGCGAATAGAGAGx,6.1126666,9.483401,dNC_nohox,-0.047334298456744923,0.10292118804680135
nc07_zumi:TACGCTGCCTTAATAGx,7.1962404,6.87095,dNC_hoxa2b,0.10762107212653872,0.01400466482027819
nc07_zumi:TAGCGCTCACTCTAGGx,9.31104,6.378566,dNC_hox34,0.07197747725779133,-0.052265854603371395
nc07_zumi:TAGCGCTCATAGAGAGx,6.8909993,11.132388,NPB_nohox,0.010649984253822346,0.03564250523439635
nc07_zumi:TAGCGCTCATTAGACGx,5.8992352,10.142217,dNC_nohox,0.06414777654324806,0.10638808015686611
nc07_zumi:TAGGCATGATAGAGAGx,7.8778505,9.49203,NPB_nohox,0.03181166277435344,0.12946127053226605
nc07_zumi:TAGGCATGCTAGTCGAx,6.9439774,8.793474,dNC_nohox,0.017072517858915334,0.027644905174868242
nc07_zumi:TAGGCATGCTCCTTACx,8.230147,8.404112,NPB_nohox,0.019426013687154124,0.10912142376755202
nc07_zumi:TAGGCATGCTTAATAGx,7.601973,9.287346,NPB_nohox,0.032879857945704874,0.05961655288897736
nc07_zumi:TAGGCATGTACTCCTTx,6.2790356,8.646373,dNC_nohox,-0.07161636744316344,0.1069601049198867
nc07_zumi:TCCTGAGCATAGAGAGx,6.4962234,9.220429,dNC_nohox,-0.11120365678766211,0.10447587168461635
nc07_zumi:TCCTGAGCATTAGACGx,8.218417,8.020257,dNC_hoxa2b,0.03945289417635361,0.17289291463454254
nc07_zumi:TCCTGAGCCTTAATAGx,7.130447,9.132223,NPB_nohox,0.04490712546306364,0.11380477202217582
nc07_zumi:TCCTGAGCTACTCCTTx,7.8930545,9.306512,NPB_nohox,0.002239897288232643,0.09352042174898978
nc07_zumi:TGCAGCTAATTAGACGx,6.469724,10.934448,dNC_nohox,0.00019071824298328279,0.06823059902642492
nc07_zumi:TGCAGCTATACTCCTTx,7.4419465,7.267857,dNC_hoxa2b,0.04106668423934818,0.030048605281994958
nc08_zumi:ACTGAGCGACTCTAGGx,6.101154,4.5165105,mNC_vagal,0.0903009930860848,-0.046343625362887664
nc08_zumi:ACTGAGCGAGAGGATAx,7.026668,4.020414,mNC_hox34,0.19077457957457766,-0.09577267099914076
nc08_zumi:ACTGAGCGAGCTAGAAx,4.832852,2.1240585,mNC_arch2,0.02006669789101972,-0.12366276053863301
nc08_zumi:ACTGAGCGAGGCTTAGx,2.6354237,2.1559086,mNC_head_mesenchymal,0.024295695654171175,-0.21683212871673851
nc08_zumi:ACTGAGCGATAGAGAGx,1.7720706,5.278143,Pigment,-0.03534400364694641,0.07472843801012236
nc08_zumi:ACTGAGCGATTAGACGx,4.211276,6.8821034,NPB_hox3,-0.016856302380063092,0.044360386871242885
nc08_zumi:ACTGAGCGCGGAGAGAx,3.394555,8.097908,NC_trunk,-0.010795456678051419,0.010077121470489806
nc08_zumi:ACTGAGCGCTAGTCGAx,4.338058,7.278164,NPB_hox3,-0.02073026441625726,0.042878683781489464
nc08_zumi:ACTGAGCGCTCCTTACx,9.481853,5.949314,dNC_hox34,0.060774464061171304,-0.019391532166526216
nc08_zumi:ACTGAGCGCTTAATAGx,4.7984004,5.4966855,mNC_vagal,0.030174227230050227,0.027084633490763902
nc08_zumi:ACTGAGCGTAAGGCTCx,6.347484,4.427276,mNC_vagal,0.1098657854322466,-0.03199362339315843
nc08_zumi:ACTGAGCGTACTCCTTx,3.0068207,5.435737,mNC_nohox,-0.03740800816568007,0.02583925628789507
nc08_zumi:ACTGAGCGTATGCAGTx,1.660254,5.581167,Pigment,-0.03339177814520904,0.06504605529839232
nc08_zumi:ACTGAGCGTCGCATAAx,3.61218,8.17782,NC_trunk,-0.02119652394576097,0.00021840930373841019
nc08_zumi:ACTGAGCGTCTTACGCx,3.0861428,2.9950345,mNC_nohox,0.043054223043660814,-0.07494459318478341
nc08_zumi:ATCTCAGGACTCTAGGx,6.270749,4.5830345,mNC_vagal,0.03821568091329814,-0.09492857867895743
nc08_zumi:ATCTCAGGAGAGGATAx,4.9961386,1.4495878,mNC_arch1,0.03758800162017955,-0.05141595228628574
nc08_zumi:ATCTCAGGAGCTAGAAx,8.0938015,3.7641764,mNC_hox34,0.0824356796274652,-0.0582455641353276
nc08_zumi:ATCTCAGGAGGCTTAGx,3.6318078,2.0980415,mNC_arch1,0.06508783154669859,-0.16377465475733313
nc08_zumi:ATCTCAGGATAGAGAGx,2.8260496,5.3723307,mNC_nohox,-0.05635172556738534,-0.007372241438042652
nc08_zumi:ATCTCAGGATAGCCTTx,3.1133022,6.16467,mNC_vagal,-0.11092408655733416,0.07946628461793735
nc08_zumi:ATCTCAGGATTAGACGx,4.264429,7.5970387,NC_trunk,-0.04665261572069383,0.03121153625824123
nc08_zumi:ATCTCAGGCGGAGAGAx,2.1157172,1.1219043,mNC_head_mesenchymal,0.030712151012683812,-0.2009493189744099
nc08_zumi:ATCTCAGGTACTCCTTx,3.0284772,5.2244706,mNC_nohox,-0.04260951082550352,0.035105673165568674
nc08_zumi:ATCTCAGGTATGCAGTx,2.453714,0.3049767,mNC_head_mesenchymal,-0.027508305784562658,-0.11418049624561886
nc08_zumi:ATCTCAGGTCGCATAAx,2.2906644,1.5304106,mNC_head_mesenchymal,0.019298314363685315,-0.20052193277421618
nc08_zumi:ATGCGCAGAGCTAGAAx,2.5130794,-0.31167227,mNC_head_mesenchymal,-0.036680153213730894,-0.031246288108002028
nc08_zumi:ATGCGCAGATTAGACGx,6.1760178,11.122728,dNC_nohox,0.034272123681568165,0.03365186804232978
nc08_zumi:ATGCGCAGCTCCTTACx,2.3790376,3.1994658,mNC_nohox,0.04936574287114908,-0.09187745277528174
nc08_zumi:ATGCGCAGCTTAATAGx,2.4352808,5.1266346,mNC_nohox,-0.05141094495896262,0.024659905936007868
nc08_zumi:ATGCGCAGTAAGGCTCx,9.914206,5.875583,dNC_hox34,0.013372275561882661,-0.020953028098490114
nc08_zumi:ATGCGCAGTACTCCTTx,5.457117,4.986006,mNC_vagal,0.13698609405073287,-0.046222888054318276
nc08_zumi:ATGCGCAGTATGCAGTx,1.9721457,5.1924453,Pigment,-0.05313650156222427,0.06056541230434072
nc08_zumi:ATGCGCAGTCGCATAAx,4.2410464,4.0410604,mNC_nohox,0.04493412510507502,-0.06506130186148747
nc08_zumi:ATGCGCAGTCTTACGCx,3.6569922,7.713533,mNC_vagal,-0.031565280643725234,0.01741176636451168
nc08_zumi:CGAGGCTGAGAGGATAx,5.0744205,2.3041773,mNC_arch2,0.013514593453076363,-0.1272270875860118
nc08_zumi:CGAGGCTGAGCTAGAAx,4.838637,2.2687879,mNC_arch2,0.05584770313747137,-0.140358262832632
nc08_zumi:CGAGGCTGAGGCTTAGx,3.2360303,7.2843685,mNC_vagal,-0.03176693370013403,0.057335461599801595
nc08_zumi:CGAGGCTGATAGCCTTx,2.0227427,5.3024826,Pigment,-0.06923544984357498,0.04720539304945244
nc08_zumi:CGAGGCTGCGGAGAGAx,4.674539,4.7294927,mNC_arch2,-0.036494557707815935,-0.16049191085259493
nc08_zumi:CGAGGCTGCTAGTCGAx,2.2641885,3.013177,mNC_nohox,0.07446704221534427,-0.07816850515238469
nc08_zumi:CGAGGCTGCTTAATAGx,2.3753958,3.9734228,mNC_nohox,0.03921235531390562,-0.11043434998236613
nc08_zumi:CGAGGCTGTAAGGCTCx,6.339741,5.991732,mNC_arch2,-0.0015325915092930546,-0.11202734549667664
nc08_zumi:CGAGGCTGTCGCATAAx,4.595652,4.2850657,mNC_nohox,-0.07236162743236117,-0.12616446119479796
nc08_zumi:CGAGGCTGTCTTACGCx,-1.7984976,6.1933017,Pigment,-0.12724234246692642,0.100619863661756
nc08_zumi:CGATCAGTACTCTAGGx,9.913089,5.8033333,dNC_hox34,0.016701549348756322,-0.008297956520720651
nc08_zumi:CGATCAGTAGAGGATAx,-0.45529407,6.3833594,Pigment,-0.18497283394916936,0.06743559431786518
nc08_zumi:CGATCAGTATAGAGAGx,3.2720597,4.648904,mNC_nohox,-0.018316246054073518,-0.13967036252652437
nc08_zumi:CGATCAGTATAGCCTTx,8.365558,4.6114864,mNC_hox34,0.03013833791847641,-0.10686283633896214
nc08_zumi:CGATCAGTATTAGACGx,4.6704454,6.327814,mNC_vagal,-0.02687286596587518,0.03615942444340416
nc08_zumi:CGATCAGTCTAGTCGAx,3.2986922,4.5294895,mNC_nohox,0.036461286429921434,-0.12692109164321613
nc08_zumi:CGATCAGTCTTAATAGx,6.1278386,6.2149577,mNC_arch2,0.05272136335120545,-0.1156664830124012
nc08_zumi:CGATCAGTTATGCAGTx,4.381427,5.643479,mNC_vagal,0.04976726481168958,0.02567896358881887
nc08_zumi:CGGAGCCTACTCTAGGx,3.7458434,5.204583,mNC_nohox,-0.03747861813519166,-0.09316509281889605
nc08_zumi:CGGAGCCTAGAGGATAx,5.2288265,1.3326622,mNC_arch2,-0.04069214114627038,-0.025404583677842447
nc08_zumi:CGGAGCCTAGCTAGAAx,2.8476763,6.2036867,mNC_vagal,-0.05612506914563883,0.09020508030973444
nc08_zumi:CGGAGCCTAGGCTTAGx,-0.65692556,6.510329,Pigment,-0.17650958571986886,0.06439869604439913
nc08_zumi:CGGAGCCTATAGCCTTx,7.8178015,3.2146182,mNC_hox34,0.05762303773137292,-0.012842014570439153
nc08_zumi:CGGAGCCTATTAGACGx,5.883361,4.645367,mNC_hox34,0.131218742608848,-0.04836946772587634
nc08_zumi:CGGAGCCTCTTAATAGx,6.6186213,5.3683867,mNC_arch2,-0.021202321465934086,-0.08241375385533274
nc08_zumi:CGGAGCCTTACTCCTTx,3.3679001,4.721356,mNC_nohox,-0.0004178768530805109,-0.16527613762179483
nc08_zumi:CGGAGCCTTCGCATAAx,3.778644,8.239421,NC_trunk,-0.00991349332580468,0.011017617318372433
nc08_zumi:CGGAGCCTTCTTACGCx,2.8024178,0.06434151,mNC_head_mesenchymal,-0.04531921935215512,-0.08053039989883697
nc08_zumi:CGTACTAGACTCTAGGx,4.5757813,4.605034,mNC_nohox,-0.12879216018034936,-0.1851790326939205
nc08_zumi:CGTACTAGAGAGGATAx,2.7269516,1.2942096,mNC_head_mesenchymal,-0.006175057681203999,-0.178050977482165
nc08_zumi:CGTACTAGAGGCTTAGx,2.6430879,2.7900958,mNC_nohox,0.036633182487163345,-0.07585838051433624
nc08_zumi:CGTACTAGATAGCCTTx,1.4832206,6.032504,Pigment,-0.06646497548675882,0.07413078604530356
nc08_zumi:CGTACTAGATTAGACGx,8.338856,5.3857956,mNC_hox34,0.07393120828485343,-0.07240666842481085
nc08_zumi:CGTACTAGCTAGTCGAx,9.230132,5.5589137,dNC_hox34,0.07324033851719372,0.0033752796463822734
nc08_zumi:CGTACTAGTACTCCTTx,9.789587,5.691549,dNC_hox34,0.030535863146759833,0.0005151391956404608
nc08_zumi:CGTACTAGTATGCAGTx,4.1929436,4.8433323,mNC_arch1,0.04834425225614204,0.015965156155117472
nc08_zumi:CGTACTAGTCGCATAAx,5.3425627,4.0893703,mNC_arch2,-0.06440680591838592,-0.1344546571899497
nc08_zumi:CGTACTAGTCTTACGCx,2.167185,6.6835217,mNC_vagal,-0.0863048547585523,0.04391479296422139
nc08_zumi:GGAGCTACACTCTAGGx,3.5676825,4.5354657,mNC_nohox,0.06876426200603314,-0.0915755491996671
nc08_zumi:GGAGCTACAGAGGATAx,-1.5991322,6.388475,Pigment,-0.13166753055854738,0.07609978027109975
nc08_zumi:GGAGCTACAGCTAGAAx,-1.8637861,6.3553023,Pigment,-0.10968006515903952,0.08419928193699922
nc08_zumi:GGAGCTACATAGCCTTx,5.3328495,3.7319689,mNC_arch2,-0.05446469929359197,-0.16732425094642414
nc08_zumi:GGAGCTACATTAGACGx,5.9391246,5.440524,mNC_arch2,-0.10079928734562153,-0.1749812862054242
nc08_zumi:GGAGCTACCGGAGAGAx,-1.2648288,6.844235,Pigment,-0.20630421470205618,0.017233623624845082
nc08_zumi:GGAGCTACCTAGTCGAx,4.382231,7.0219994,NPB_hox3,-0.01992059955087526,0.04409363440072377
nc08_zumi:GGAGCTACTCGCATAAx,2.9929132,1.7937872,mNC_head_mesenchymal,-0.001847387705091816,-0.21223889571829194
nc08_zumi:GGAGCTACTCTTACGCx,4.2647405,1.9938958,mNC_arch1,0.06160016984140818,-0.14072428016074934
nc08_zumi:GTAGAGGAACTCTAGGx,4.402856,6.392808,mNC_vagal,-0.03803384090287552,0.038136204148227666
nc08_zumi:GTAGAGGAAGAGGATAx,-1.1898235,6.3191023,Pigment,-0.15166845113316968,0.08600064714694347
nc08_zumi:GTAGAGGAAGCTAGAAx,5.057252,1.900438,mNC_arch2,0.011516079285968279,-0.07307739243370544
nc08_zumi:GTAGAGGAAGGCTTAGx,4.360721,3.619977,mNC_arch1,0.0888218019778124,-0.1412240646616415
nc08_zumi:GTAGAGGAATAGCCTTx,4.8367224,1.055169,mNC_arch1,-0.0047831329759391306,-0.007003487547318494
nc08_zumi:GTAGAGGACTCCTTACx,5.0950727,5.341592,mNC_vagal,-0.022736927966994627,-0.12840281968642797
nc08_zumi:GTAGAGGACTTAATAGx,9.652616,5.6926236,dNC_hox34,0.04002644525924759,-0.007618789925060331
nc08_zumi:GTAGAGGATAAGGCTCx,2.6468298,4.157184,mNC_nohox,-0.009786546764998237,-0.1269561096632001
nc08_zumi:GTAGAGGATACTCCTTx,2.3134053,3.8418465,mNC_nohox,0.029170093824829775,-0.1459025553096927
nc08_zumi:GTAGAGGATCGCATAAx,3.3259966,7.7313995,mNC_vagal,-0.02032874247571676,0.02380920926716248
nc08_zumi:GTAGAGGATCTTACGCx,6.7695932,4.0325127,mNC_hox34,0.20120665567328488,-0.08820218265176376
nc08_zumi:TAGGCATGAGAGGATAx,3.271715,7.381639,mNC_vagal,-0.01590005258209742,0.05250169389781678
nc08_zumi:TAGGCATGAGCTAGAAx,2.8552625,-0.2106357,mNC_head_mesenchymal,-0.04010554772244175,-0.044490652242019306
nc08_zumi:TAGGCATGAGGCTTAGx,4.5039096,3.8969474,mNC_nohox,0.05977888761273434,-0.10391558336487307
nc08_zumi:TAGGCATGATAGAGAGx,3.000268,4.962138,mNC_nohox,-0.06916528903631496,-0.0842743086686513
nc08_zumi:TAGGCATGATAGCCTTx,6.9373026,4.2447734,mNC_hox34,0.10987046836461024,-0.0682791085495951
nc08_zumi:TAGGCATGATTAGACGx,5.737499,5.733681,mNC_arch2,0.047027279422154,-0.07196377780911828
nc08_zumi:TAGGCATGCGGAGAGAx,2.0069578,6.345864,mNC_vagal,-0.11773811081268244,0.04645138271416845
nc08_zumi:TAGGCATGCTCCTTACx,6.2470493,5.4570394,mNC_arch2,0.006420994808490366,-0.06057763118114747
nc08_zumi:TAGGCATGCTTAATAGx,5.623107,10.080395,dNC_nohox,0.03279558179879812,0.0797647446162899
nc08_zumi:TAGGCATGTAAGGCTCx,3.2633448,5.212697,mNC_nohox,-0.078877948610929,-0.12367898028660657
nc08_zumi:TAGGCATGTCGCATAAx,5.2061963,2.0111437,mNC_arch2,0.020625206197395655,-0.10924985090022477
nc08_zumi:TAGGCATGTCTTACGCx,3.9863706,2.0832083,mNC_arch1,0.04380646584230666,-0.17673784332186404
nc08_zumi:TCCTGAGCACTCTAGGx,2.2473795,2.7684731,mNC_nohox,0.04202332081591937,-0.05222500995084617
nc08_zumi:TCCTGAGCAGAGGATAx,-1.9457666,6.138433,Pigment,-0.09087404094090062,0.11856922733448692
nc08_zumi:TCCTGAGCAGCTAGAAx,1.9280614,1.0962497,mNC_head_mesenchymal,0.035685807802576026,-0.2259372464391796
nc08_zumi:TCCTGAGCAGGCTTAGx,1.799735,0.62538606,mNC_head_mesenchymal,0.060273357026982846,-0.15413917622961484
nc08_zumi:TCCTGAGCATAGAGAGx,6.432589,11.263524,dNC_nohox,-0.010272224244063122,0.03201954587754798
nc08_zumi:TCCTGAGCATAGCCTTx,1.6526206,0.8323342,mNC_head_mesenchymal,0.04651752185571297,-0.18281066668391774
nc08_zumi:TCCTGAGCATTAGACGx,2.4512968,2.788576,mNC_nohox,0.03844641722549646,-0.06838691580779273
nc08_zumi:TCCTGAGCCGGAGAGAx,5.3326955,2.316549,mNC_arch2,-0.03596859702904029,-0.15895920289382923
nc08_zumi:TCCTGAGCCTAGTCGAx,2.6039824,5.469375,mNC_nohox,-0.08146354279430491,-0.024661802398847854
nc08_zumi:TCCTGAGCCTCCTTACx,3.4113507,5.2506957,mNC_nohox,-0.09338069901747185,-0.11926130318597031
nc08_zumi:TCCTGAGCCTTAATAGx,5.707875,4.7785625,mNC_arch2,-0.06201198508354729,-0.13502924384136816
nc08_zumi:TCCTGAGCTAAGGCTCx,3.8291397,3.833239,mNC_nohox,0.0887580708450055,-0.09766930019551642
nc08_zumi:TCCTGAGCTACTCCTTx,4.7747846,5.8007956,mNC_vagal,0.023270555595870084,0.006609503630675968
nc08_zumi:TCCTGAGCTATGCAGTx,3.1434495,7.4736443,mNC_vagal,-0.021395610954862154,0.030239349518164097
nc08_zumi:TCCTGAGCTCGCATAAx,2.5536075,0.8402761,mNC_head_mesenchymal,-0.03340509497418632,-0.20350731463277233
nc08_zumi:TCCTGAGCTCTTACGCx,3.246097,6.363114,mNC_vagal,-0.054593654607801294,0.08274666626194505
nc08_zumi:TCGACGTCACTCTAGGx,9.560504,5.9094796,dNC_hox34,0.0568930866889164,-0.007737797127179202
nc08_zumi:TCGACGTCAGAGGATAx,0.9447231,6.1942334,mNC_vagal,-0.12395113933978354,0.0767400527429014
nc08_zumi:TCGACGTCAGCTAGAAx,4.3561754,2.1190348,mNC_arch1,0.05372089076389238,-0.1498983193353489
nc08_zumi:TCGACGTCAGGCTTAGx,4.8266487,2.6008368,mNC_arch2,0.0245553717397731,-0.15625815737615942
nc08_zumi:TCGACGTCATAGAGAGx,4.19635,7.750882,NPB_hox3,-0.03646960424939506,0.009105101086802144
nc08_zumi:TCGACGTCATAGCCTTx,0.6449775,6.0191913,mNC_vagal,-0.1467694550908727,0.07333764868721564
nc08_zumi:TCGACGTCATTAGACGx,6.5102,5.994575,dNC_hoxa2b,0.14336730056977115,0.08743195256850621
nc08_zumi:TCGACGTCTACTCCTTx,3.9640317,6.525772,mNC_vagal,-0.02806961303719147,0.006885757130488826
nc08_zumi:TCGACGTCTATGCAGTx,3.3457918,6.916335,mNC_vagal,-0.029085200079827102,0.08239240201274395
nc08_zumi:TCGACGTCTCTTACGCx,5.1140037,3.823076,mNC_arch2,0.02605695025915875,-0.13611822108467445
