cell,UMAP1,UMAP2,cell_type,mNC_head_mesenchymal,mNC_arch2,mNC_hox34,Pigment
nc01_zumi:AAGAGGCAAGAGGATAx,4.8402376,2.1106594,mNC_arch2,0.0437100387446676,0.9550678007040794,0.0008189422750898,0.0004032182761631
nc01_zumi:AAGAGGCAAGGCTTAGx,8.082981,3.3740497,mNC_hox34,0.0,0.0,1.0,0.0
nc01_zumi:AAGAGGCAATAGCCTTx,-1.534507,6.8098087,Pigment,0.0,0.0,0.0,1.0
nc01_zumi:AAGAGGCACGGAGAGAx,1.4781227,7.007659,mNC_vagal,9.161750762597224e-05,0.0001489075457486,0.0005910949976074,0.999168379949018
nc01_zumi:AAGAGGCATATGCAGTx,1.1573297,6.6862097,mNC_vagal,3.597479710144645e-05,9.208318240428268e-05,9.966737868656216e-05,0.999772274641808
nc01_zumi:AAGAGGCATCGCATAAx,1.0020635,6.462859,mNC_vagal,9.59923437895814e-06,2.516942369045543e-05,0.0001322611221766,0.999832970219754
nc01_zumi:AAGAGGCATCTTACGCx,-1.9265926,6.6514716,Pigment,0.0,0.0,0.0,1.0
nc01_zumi:ACTCGCTAAGAGGATAx,-0.21214385,6.379778,mNC_vagal,1.0128354166781353e-07,1.9205803988410689e-07,3.5837383139261e-07,0.9999993482845873
nc01_zumi:ACTCGCTAAGCTAGAAx,5.5411963,1.8830101,mNC_arch2,0.0,1.0,0.0,0.0
nc01_zumi:ACTCGCTAAGGCTTAGx,2.1233046,6.384707,mNC_vagal,0.0083105241518908,0.0132529346163649,0.0265799554604635,0.9518565857712804
nc01_zumi:ACTCGCTAATAGCCTTx,2.9302769,-0.17596093,mNC_head_mesenchymal,0.9999675648894364,3.2257682504073385e-05,8.56740346246521e-08,9.175402496880529e-08
nc01_zumi:ACTCGCTACGGAGAGAx,2.1912844,1.0692183,mNC_head_mesenchymal,1.0,0.0,0.0,0.0
nc01_zumi:ACTCGCTATATGCAGTx,1.8039844,0.39949417,mNC_head_mesenchymal,1.0,0.0,0.0,0.0
nc01_zumi:ACTCGCTATCGCATAAx,4.8348007,4.2969565,mNC_arch2,0.0758917993277173,0.5886392947661503,0.1754909535641177,0.1599779523420142
nc01_zumi:ACTCGCTATCTTACGCx,2.4079707,1.609031,mNC_head_mesenchymal,0.9998889676844024,8.966531667517777e-05,7.225484151760032e-06,1.4141514770751367e-05
nc01_zumi:ACTGAGCGAGAGGATAx,-1.7883117,6.6623626,Pigment,0.0,0.0,0.0,1.0
nc01_zumi:ACTGAGCGAGCTAGAAx,6.8294544,3.6618533,mNC_hox34,0.0039621031181781,0.0228418860628827,0.923807695500814,0.0493883153181247
nc01_zumi:ACTGAGCGAGGCTTAGx,-1.3160468,6.9876556,Pigment,0.0,0.0,0.0,1.0
nc01_zumi:ACTGAGCGATAGCCTTx,8.3906555,3.923878,mNC_hox34,0.0,0.0,1.0,0.0
nc01_zumi:ACTGAGCGCGGAGAGAx,7.6781025,3.1856005,mNC_hox34,0.0,0.0,1.0,0.0
nc01_zumi:ACTGAGCGTATGCAGTx,0.4153769,6.5857444,mNC_vagal,9.68150225209481e-07,1.6538569578953492e-06,6.344618456907406e-06,0.9999910333743602
nc01_zumi:ACTGAGCGTCTTACGCx,5.066148,2.3477356,mNC_arch2,0.0,1.0,0.0,0.0
nc01_zumi:AGGCAGAAAGAGGATAx,0.7155302,6.888107,mNC_vagal,1.3833597534200428e-06,2.165098183080904e-06,5.199386790923188e-06,0.9999912521552726
nc01_zumi:AGGCAGAAAGCTAGAAx,5.07696,3.0541968,mNC_arch2,0.0,1.0,0.0,0.0
nc01_zumi:AGGCAGAAAGGCTTAGx,4.5118003,1.355363,mNC_arch1,0.1460255541826653,0.8536426617660117,0.0002233696658051,0.0001084143855177
nc01_zumi:AGGCAGAAATAGCCTTx,3.6626182,1.1637695,mNC_arch1,0.9834655602132442,0.0164769126612573,3.326784439603101e-05,2.425928110248284e-05
nc01_zumi:AGGCAGAACGGAGAGAx,1.4688369,5.4419055,Pigment,0.0031960976779404,0.0061793463163489,0.0029963956752746,0.987628160330436
nc01_zumi:AGGCAGAATATGCAGTx,1.7037042,7.1223035,mNC_vagal,0.0012899877415443,0.001940170738683,0.004838268483197,0.9919315730365758
nc01_zumi:AGGCAGAATCTTACGCx,-1.8747846,7.052477,Pigment,0.0,0.0,0.0,1.0
nc01_zumi:ATCTCAGGAGCTAGAAx,2.2929587,0.30103084,mNC_head_mesenchymal,1.0,0.0,0.0,0.0
nc01_zumi:ATCTCAGGAGGCTTAGx,-2.0185504,7.07648,Pigment,0.0,0.0,0.0,1.0
nc01_zumi:ATCTCAGGATAGCCTTx,1.9844044,0.2891946,mNC_head_mesenchymal,1.0,0.0,0.0,0.0
nc01_zumi:ATCTCAGGCGGAGAGAx,-2.4146514,6.7738047,Pigment,0.0,0.0,0.0,1.0
nc01_zumi:ATCTCAGGTATGCAGTx,0.32873055,6.7169847,mNC_vagal,4.287542991474065e-07,7.215608676887399e-07,1.5432187216078263e-06,0.9999973064661118
nc01_zumi:ATCTCAGGTCGCATAAx,2.590294,7.089958,mNC_vagal,0.0364307418854089,0.052248062436873,0.1352689829339308,0.7760522127437843
nc01_zumi:ATCTCAGGTCTTACGCx,5.002799,3.1263134,mNC_arch2,0.0593108184508777,0.9049454981608276,0.0221356855283768,0.0136079978599179
nc01_zumi:ATGCGCAGAGAGGATAx,1.8956504,0.9054282,mNC_head_mesenchymal,1.0,0.0,0.0,0.0
nc01_zumi:ATGCGCAGAGCTAGAAx,2.6414728,0.61362475,mNC_head_mesenchymal,0.9999766246261794,2.2367529005930184e-05,3.846031025558823e-07,6.23241711941069e-07
nc01_zumi:ATGCGCAGAGGCTTAGx,3.1126418,7.762863,mNC_vagal,0.052219617086119,0.0733120419653368,0.1897893732856821,0.6846789676628576
nc01_zumi:ATGCGCAGATAGCCTTx,5.234927,3.480823,mNC_arch2,0.0481822109149518,0.8729379324640716,0.0607414142609216,0.0181384423600548
nc01_zumi:ATGCGCAGCGGAGAGAx,8.340206,3.3029354,mNC_hox34,0.0020094748864382,0.0403555416586106,0.9573083405054896,0.0003266429494613
nc01_zumi:ATGCGCAGTATGCAGTx,5.3128343,1.4847218,mNC_arch2,0.0,1.0,0.0,0.0
nc01_zumi:ATGCGCAGTCTTACGCx,-1.3491404,6.633092,Pigment,4.9171229190599295e-08,9.079043652555084e-08,6.177668211181532e-08,0.9999997982616522
nc01_zumi:CCTAAGACAGCTAGAAx,-1.1268622,6.9316506,Pigment,0.0,0.0,0.0,1.0
nc01_zumi:CCTAAGACAGGCTTAGx,4.078827,3.9557002,mNC_arch1,0.1217213016693024,0.7979153487828492,0.0382872942193294,0.0420760553285186
nc01_zumi:CCTAAGACATAGCCTTx,2.2550073,6.495423,mNC_vagal,0.0047837072430864,0.0071639564309538,0.0193416445875331,0.9687106917384264
nc01_zumi:CCTAAGACCGGAGAGAx,-0.5738577,6.509385,Pigment,5.3419239534281255e-08,9.31508103183484e-08,1.7539371846269108e-07,0.9999996780362316
nc01_zumi:CCTAAGACTATGCAGTx,-1.7706199,5.95805,Pigment,0.0,0.0,0.0,1.0
nc01_zumi:CCTAAGACTCGCATAAx,1.8117079,0.72276956,mNC_head_mesenchymal,1.0,0.0,0.0,0.0
nc01_zumi:CCTAAGACTCTTACGCx,4.7656536,1.2090617,mNC_arch1,0.0715989505060552,0.9280188508561252,0.0002478913357668,0.0001343073020525
nc01_zumi:CGAGGCTGAGAGGATAx,7.666889,3.312735,mNC_hox34,0.0,0.0,1.0,0.0
nc01_zumi:CGAGGCTGAGCTAGAAx,1.6625084,6.701618,mNC_vagal,0.0006432627787027,0.0009930067492242,0.0025123759278385,0.9958513545442346
nc01_zumi:CGAGGCTGAGGCTTAGx,7.871502,3.0536807,mNC_hox34,0.0,0.0,1.0,0.0
nc01_zumi:CGAGGCTGATAGCCTTx,7.1883216,3.527331,mNC_hox34,0.0022190595723973,0.0105943957215997,0.9743611879548698,0.0128253567511332
nc01_zumi:CGAGGCTGCGGAGAGAx,-1.7254579,7.005836,Pigment,0.0,0.0,0.0,1.0
nc01_zumi:CGAGGCTGTATGCAGTx,7.0060267,3.453102,mNC_hox34,0.0,0.0,1.0,0.0
nc01_zumi:CGAGGCTGTCGCATAAx,2.2875073,-0.3015655,mNC_head_mesenchymal,1.0,0.0,0.0,0.0
nc01_zumi:CGAGGCTGTCTTACGCx,-1.4293423,6.273386,Pigment,0.0,0.0,0.0,1.0
nc01_zumi:CGATCAGTAGCTAGAAx,4.720124,1.2058558,mNC_arch1,0.0,1.0,0.0,0.0
nc01_zumi:CGATCAGTAGGCTTAGx,3.2676523,6.0925794,mNC_vagal,0.0154329212740839,0.0304019799095305,0.0796505458175823,0.8745145529988022
nc01_zumi:CGATCAGTATAGCCTTx,4.154314,6.0630627,mNC_vagal,0.0111754773923262,0.0266563760060208,0.8467039996831348,0.1154641469185178
nc01_zumi:CGATCAGTCGGAGAGAx,7.944997,3.4046967,mNC_hox34,0.0,0.0,1.0,0.0
nc01_zumi:CGATCAGTTATGCAGTx,5.2311764,1.5172089,mNC_arch2,0.0,1.0,0.0,0.0
nc01_zumi:CGATCAGTTCGCATAAx,4.956673,2.9091654,mNC_arch2,0.0,1.0,0.0,0.0
nc01_zumi:CGATCAGTTCTTACGCx,8.153712,3.9957743,mNC_hox34,0.0,0.0,1.0,0.0
nc01_zumi:CGGAGCCTAGAGGATAx,1.2812014,6.3276963,mNC_vagal,0.0001968268233198,0.000313112385232,0.0006369939664362,0.9988530668250116
nc01_zumi:CGGAGCCTAGCTAGAAx,2.4673283,6.4384685,mNC_vagal,0.0037445734683415,0.006241247787338,0.0137282296378387,0.9762859491064816
nc01_zumi:CGGAGCCTAGGCTTAGx,7.081778,3.4545715,mNC_hox34,0.0,0.0,1.0,0.0
nc01_zumi:CGGAGCCTATAGCCTTx,-0.48351505,6.827272,Pigment,1.6060905385429333e-07,2.4770184310820575e-07,4.058798238802636e-07,0.999999185809279
nc01_zumi:CGGAGCCTCGGAGAGAx,-0.5030904,6.7758975,Pigment,1.0652518099673009e-07,1.731912631223995e-07,3.669081990389107e-07,0.9999993533753564
nc01_zumi:CGGAGCCTTCGCATAAx,7.7183723,3.472214,mNC_hox34,0.0,0.0,1.0,0.0
nc01_zumi:CGGAGCCTTCTTACGCx,1.5497918,7.101576,mNC_vagal,0.0004529637932357,0.0007223785646147,0.0016052944780627,0.9972193631640868
nc01_zumi:CGTACTAGAGAGGATAx,4.937328,2.0575807,mNC_arch2,0.0,1.0,0.0,0.0
nc01_zumi:CGTACTAGAGCTAGAAx,4.037154,1.4976618,mNC_arch1,0.4294005357209453,0.5698840285493927,0.0004337000235887,0.0002817357060732
nc01_zumi:CGTACTAGAGGCTTAGx,4.1229997,1.7079797,mNC_arch1,0.1505798270131128,0.8484024972392394,0.0006562341298487,0.0003614416177989
nc01_zumi:CGTACTAGATAGCCTTx,8.380183,3.7553039,mNC_hox34,0.0012638583507971,0.0380428672118226,0.9601787180820182,0.0005145563553617
nc01_zumi:CGTACTAGCGGAGAGAx,3.368224,7.204926,mNC_vagal,0.0512878330816711,0.0721525913985777,0.1872619418054366,0.6892976337143102
nc01_zumi:CGTACTAGTATGCAGTx,4.1997657,3.867887,mNC_arch1,0.1490229112008415,0.7842019778669431,0.0362774562620647,0.0304976546701504
nc01_zumi:CGTACTAGTCGCATAAx,1.9847605,0.00050856796,mNC_head_mesenchymal,1.0,0.0,0.0,0.0
nc01_zumi:CGTACTAGTCTTACGCx,3.612369,0.5134884,mNC_head_mesenchymal,0.9998675842487084,0.0001320826154643,1.59000747327198e-07,1.741350799884755e-07
nc01_zumi:CTCTCTACAGAGGATAx,3.7769475,5.671989,mNC_vagal,0.1260234646621986,0.3716729505103812,0.2349659355108636,0.2673376493165558
nc01_zumi:CTCTCTACCGGAGAGAx,2.3381302,0.4018044,mNC_head_mesenchymal,1.0,0.0,0.0,0.0
nc01_zumi:CTCTCTACTATGCAGTx,-0.11978452,6.6612883,mNC_vagal,1.8577022655907362e-07,3.347903995251723e-07,7.223909303264925e-07,0.9999987570484437
nc01_zumi:CTCTCTACTCGCATAAx,2.5796027,1.4208909,mNC_head_mesenchymal,0.9997362005723012,0.000260258316169,1.3968814957643848e-06,2.1442300340313784e-06
nc01_zumi:CTCTCTACTCTTACGCx,-0.052001216,6.8120723,mNC_vagal,1.1152733942770361e-07,2.0832199928948905e-07,4.2444751827090746e-07,0.9999992557031432
nc01_zumi:GCGTAGTAAGAGGATAx,2.9192948,0.4040583,mNC_head_mesenchymal,1.0,0.0,0.0,0.0
nc01_zumi:GCGTAGTAATAGCCTTx,-1.9864323,6.988525,Pigment,0.0,0.0,0.0,1.0
nc01_zumi:GCGTAGTACGGAGAGAx,7.841319,3.1612206,mNC_hox34,0.0,0.0,1.0,0.0
nc01_zumi:GCGTAGTATATGCAGTx,3.0329053,6.7335477,mNC_vagal,0.0410616084494921,0.0591197113308663,0.156008843468034,0.7438098367516043
nc01_zumi:GCGTAGTATCGCATAAx,7.5025597,3.6235023,mNC_hox34,0.0,0.0,1.0,0.0
nc01_zumi:GCGTAGTATCTTACGCx,2.3344054,0.709789,mNC_head_mesenchymal,0.9999802946023976,1.9380134622391777e-05,1.2969083743857718e-07,1.955721425147079e-07
nc01_zumi:GCTCATGAAGAGGATAx,2.6073747,0.6713706,mNC_head_mesenchymal,1.0,0.0,0.0,0.0
nc01_zumi:GCTCATGAAGCTAGAAx,0.40215966,6.7252665,mNC_vagal,4.650419095252045e-07,7.871598321176648e-07,1.8797048215650932e-06,0.9999968680934372
nc01_zumi:GCTCATGAAGGCTTAGx,1.5794493,6.587005,mNC_vagal,0.0002434316754414,0.0003891714441925,0.0009048785452979,0.9984625183350684
nc01_zumi:GCTCATGAATAGCCTTx,3.2207675,0.33015475,mNC_head_mesenchymal,0.9999778271685218,2.205123682175097e-05,5.69974945754948e-08,6.459716170872343e-08
nc01_zumi:GCTCATGACGGAGAGAx,7.4895806,3.6036298,mNC_hox34,0.0,0.0,1.0,0.0
nc01_zumi:GCTCATGATATGCAGTx,4.233979,2.5206594,mNC_arch1,0.2502932499251883,0.7437945642353314,0.0033467546431732,0.0025654311963068
nc01_zumi:GCTCATGATCGCATAAx,2.8793662,0.9289151,mNC_head_mesenchymal,0.999817562600658,0.0001813662023267,4.713141041093826e-07,5.998829114348136e-07
nc01_zumi:GCTCATGATCTTACGCx,2.6942904,-0.17838582,mNC_head_mesenchymal,1.0,0.0,0.0,0.0
nc01_zumi:GGACTCCTAGAGGATAx,2.6397388,0.76117843,mNC_head_mesenchymal,1.0,0.0,0.0,0.0
nc01_zumi:GGACTCCTAGCTAGAAx,4.0021253,1.656816,mNC_arch1,0.5953500350292402,0.4043315354590978,0.0001968847312339,0.0001215447804279
nc01_zumi:GGACTCCTAGGCTTAGx,0.062266313,6.944639,mNC_vagal,2.660883150535647e-07,4.738456237301426e-07,1.0374690649590093e-06,0.9999982225969966
nc01_zumi:GGACTCCTATAGCCTTx,-0.26181358,6.934243,mNC_vagal,3.670641697043816e-07,5.945933548277743e-07,1.3665548463429444e-06,0.9999976717876292
nc01_zumi:GGACTCCTCGGAGAGAx,2.4064026,0.78671765,mNC_head_mesenchymal,1.0,0.0,0.0,0.0
nc01_zumi:GGACTCCTTATGCAGTx,-1.6780149,6.8193774,Pigment,0.0,0.0,0.0,1.0
nc01_zumi:GGACTCCTTCGCATAAx,5.269567,4.188616,mNC_arch2,0.0627928651950686,0.5258492840596493,0.3429024261153603,0.0684554246299213
nc01_zumi:GGAGCTACAGAGGATAx,2.6364267,-0.55254966,mNC_head_mesenchymal,1.0,0.0,0.0,0.0
nc01_zumi:GGAGCTACAGCTAGAAx,-1.9943081,6.1768436,Pigment,0.0,0.0,0.0,1.0
nc01_zumi:GGAGCTACAGGCTTAGx,4.6160965,3.791854,mNC_arch1,0.1136070802275626,0.7922641990868207,0.0519062931288212,0.0422224275567954
nc01_zumi:GGAGCTACATAGCCTTx,4.9433274,3.3010812,mNC_arch2,0.0563331600680573,0.8713296882216627,0.0518232501854581,0.0205139015248216
nc01_zumi:GGAGCTACCGGAGAGAx,2.9317405,0.8727731,mNC_head_mesenchymal,0.998785652607308,0.0012066580637594,3.730818016105109e-06,3.958510916219618e-06
nc01_zumi:GGAGCTACTATGCAGTx,2.5385463,6.6818857,mNC_vagal,0.0319502381835496,0.0484275829379565,0.1202145181367285,0.7994076607417628
nc01_zumi:GGAGCTACTCGCATAAx,8.168203,3.4677844,mNC_hox34,0.0,0.0,1.0,0.0
nc01_zumi:GGAGCTACTCTTACGCx,1.5823097,6.429668,mNC_vagal,0.0003716048671559,0.0005791087275809,0.001304736748745,0.9977445496565184
nc01_zumi:GTAGAGGAAGAGGATAx,8.28165,3.0239985,mNC_hox34,0.0,0.0,1.0,0.0
nc01_zumi:GTAGAGGAAGCTAGAAx,2.043797,6.5838327,mNC_vagal,0.0067841140276353,0.0101731098200429,0.0251318502421878,0.9579109259101334
nc01_zumi:GTAGAGGAATAGCCTTx,5.3463035,2.8432808,mNC_arch2,0.0,1.0,0.0,0.0
nc01_zumi:GTAGAGGACGGAGAGAx,3.4632928,6.458575,mNC_vagal,0.0420526974642521,0.0690407024133837,0.1628896277385282,0.7260169723838328
nc01_zumi:GTAGAGGATCGCATAAx,2.1225004,6.190525,mNC_vagal,0.0015431335353544,0.0025012176517007,0.0060925202115611,0.9898631286013836
nc01_zumi:GTAGAGGATCTTACGCx,5.22252,3.4466474,mNC_arch2,0.0476596250212677,0.921116049297624,0.0189780377269449,0.0122462879541632
nc01_zumi:TAAGGCGAAGAGGATAx,3.0419831,0.643065,mNC_head_mesenchymal,0.9999655148941806,3.4210900973671896e-05,1.1518966678955417e-07,1.590151787894447e-07
nc01_zumi:TAAGGCGAAGCTAGAAx,3.380779,6.735318,mNC_vagal,0.044328459644139,0.066702405409528,0.1683227472715635,0.7206463876747657
nc01_zumi:TAAGGCGAAGGCTTAGx,4.414894,3.6809223,mNC_arch1,0.1053166417674644,0.8283611093918943,0.0376036400564185,0.0287186087842224
nc01_zumi:TAAGGCGACGGAGAGAx,3.0939753,1.0918543,mNC_head_mesenchymal,0.9991567037965564,0.0008225922872517,7.586697422078732e-06,1.3117218769950762e-05
nc01_zumi:TAAGGCGATCTTACGCx,3.4493172,0.3584491,mNC_head_mesenchymal,0.9999391480938336,6.030443214688183e-05,2.7310371915789734e-07,2.7437030026434254e-07
nc01_zumi:TACGCTGCAGAGGATAx,-2.253085,6.6331434,Pigment,0.0,0.0,0.0,1.0
nc01_zumi:TACGCTGCAGCTAGAAx,3.5990837,0.77545625,mNC_head_mesenchymal,0.99825832059564,0.0017384604815155,1.955313769275817e-06,1.2636090752258658e-06
nc01_zumi:TACGCTGCAGGCTTAGx,-1.8600394,6.8307557,Pigment,0.0,0.0,0.0,1.0
nc01_zumi:TACGCTGCATAGCCTTx,0.3249246,6.628542,mNC_vagal,6.40505955424026e-07,1.057998151220172e-06,1.733503257490177e-06,0.999996567992636
nc01_zumi:TACGCTGCCGGAGAGAx,3.8807645,1.1094108,mNC_arch1,0.9665065324807608,0.033440733267122,2.9755967098782697e-05,2.2978285018185823e-05
nc01_zumi:TACGCTGCTATGCAGTx,-1.705198,6.323889,Pigment,0.0,0.0,0.0,1.0
nc01_zumi:TACGCTGCTCGCATAAx,-1.5820434,6.7621493,Pigment,0.0,0.0,0.0,1.0
nc01_zumi:TACGCTGCTCTTACGCx,2.4781113,4.855,Pigment,0.0904272735905234,0.3842889123854399,0.2441302670038882,0.2811535470201484
nc01_zumi:TAGCGCTCAGAGGATAx,1.97646,0.36592638,mNC_head_mesenchymal,1.0,0.0,0.0,0.0
nc01_zumi:TAGCGCTCAGCTAGAAx,-2.1489286,6.2629046,Pigment,0.0,0.0,0.0,1.0
nc01_zumi:TAGCGCTCAGGCTTAGx,-1.768232,7.16775,Pigment,0.0,0.0,0.0,1.0
nc01_zumi:TAGCGCTCATAGCCTTx,7.9048877,2.836095,mNC_hox34,0.0033891676832841,0.2186486759707172,0.776938222536576,0.0010239338094228
nc01_zumi:TAGCGCTCTATGCAGTx,1.0903598,6.748783,mNC_vagal,8.165192970219613e-06,1.2693634729786375e-05,2.5924282383333603e-05,0.9999532168899166
nc01_zumi:TAGCGCTCTCGCATAAx,7.798195,3.5639973,mNC_hox34,0.0,0.0,1.0,0.0
nc01_zumi:TAGCGCTCTCTTACGCx,6.7450275,3.891151,mNC_hox34,0.003639545341995,0.0145778991795146,0.954260519621928,0.0275220358565621
nc01_zumi:TAGGCATGAGAGGATAx,3.276129,0.74286824,mNC_head_mesenchymal,0.9995014923276954,0.0004973949879354,5.514091423581801e-07,5.612752265446347e-07
nc01_zumi:TAGGCATGAGCTAGAAx,-2.1287723,6.386302,Pigment,0.0,0.0,0.0,1.0
nc01_zumi:TAGGCATGAGGCTTAGx,2.958331,0.19991636,mNC_head_mesenchymal,0.9999443740910356,5.5526651842952834e-05,5.0708525837992953e-08,4.854859549174864e-08
nc01_zumi:TAGGCATGATAGCCTTx,4.6684303,4.3021173,mNC_arch2,0.0563752301233214,0.7283120428230481,0.0510053122537169,0.1643074147999133
nc01_zumi:TAGGCATGCGGAGAGAx,8.005318,3.3270743,mNC_hox34,0.0,0.0,1.0,0.0
nc01_zumi:TAGGCATGTATGCAGTx,4.056557,5.885054,mNC_vagal,0.0378136468638893,0.0945830570647792,0.5062933305442627,0.361309965527067
nc01_zumi:TAGGCATGTCGCATAAx,4.7676563,1.3827451,mNC_arch1,0.0,1.0,0.0,0.0
nc01_zumi:TAGGCATGTCTTACGCx,8.646993,3.6894433,mNC_hox34,0.0,0.0,1.0,0.0
nc01_zumi:TCCTGAGCAGAGGATAx,2.5107524,7.0386505,mNC_vagal,0.0256035153894749,0.0370358819708129,0.0925019820315252,0.844858620608185
nc01_zumi:TCCTGAGCAGGCTTAGx,1.546451,6.8922305,mNC_vagal,0.0002619370252902,0.0004072272565711,0.0010517377906509,0.9982790979274878
nc01_zumi:TCCTGAGCATAGCCTTx,2.3348243,6.365733,mNC_vagal,0.0027534487710441,0.0044759181302051,0.011320946674048,0.9814496864247024
nc01_zumi:TCCTGAGCCGGAGAGAx,0.12331437,6.4233065,mNC_vagal,4.365088141635184e-07,7.169272013510115e-07,1.6320120761410214e-06,0.9999972145519088
nc01_zumi:TCCTGAGCTATGCAGTx,2.1994424,0.30278385,mNC_head_mesenchymal,1.0,0.0,0.0,0.0
nc01_zumi:TCCTGAGCTCGCATAAx,2.744442,6.5810537,mNC_vagal,0.0262492053778838,0.0388721343693465,0.1017230401645108,0.8331556200882572
nc01_zumi:TCCTGAGCTCTTACGCx,3.7160895,4.105384,mNC_arch1,0.1983524711352046,0.6678379091093181,0.0604106039834045,0.0733990157720727
nc02_zumi:AAGAGGCAACTCTAGGx,7.3841352,9.561537,NPB_nohox,0.1594279382460577,0.1428836762997294,0.2824542235255646,0.415234161928646
nc02_zumi:AAGAGGCAAGAGGATAx,6.0559454,11.283196,dNC_nohox,0.1637105308021341,0.143634621548041,0.2786856168078343,0.4139692308419883
nc02_zumi:AAGAGGCAAGCTAGAAx,5.9404044,8.320872,dNC_nohox,0.1750584558341792,0.1610151529443609,0.2686114730929063,0.3953149181285512
nc02_zumi:AAGAGGCAATAGAGAGx,9.692451,6.4362216,dNC_hox34,0.0631682061498861,0.0871655221066621,0.6099898357287771,0.2396764360146697
nc02_zumi:AAGAGGCAATAGCCTTx,6.570445,6.6685123,dNC_hoxa2b,0.1371224247269846,0.1932226784476989,0.2903010570696109,0.3793538397557025
nc02_zumi:AAGAGGCAATTAGACGx,6.514747,10.477292,dNC_nohox,0.1635226605186054,0.1435521287127267,0.2789084502153621,0.4140167605533035
nc02_zumi:AAGAGGCACTCCTTACx,7.7341814,8.676405,dNC_nohox,0.1608619803285666,0.1436670588295837,0.2810333731615533,0.4144375876802941
nc02_zumi:AAGAGGCACTTAATAGx,7.2995343,8.767795,dNC_nohox,0.1571506841015564,0.1426225282436327,0.2847328220533311,0.415493965601477
nc02_zumi:AAGAGGCATAAGGCTCx,7.375549,6.7579026,dNC_hoxa2b,0.1403405020057297,0.1619988517566604,0.2999486924459723,0.397711953791634
nc02_zumi:AAGAGGCATCTTACGCx,5.690125,7.440451,NPB_hox3,0.0843887145722746,0.1019740749029727,0.2701208813373038,0.5435163291874454
nc02_zumi:ACTCGCTAACTCTAGGx,6.279161,8.706036,dNC_nohox,0.1636958771869098,0.145238690669607,0.2832750443331396,0.4077903878103411
nc02_zumi:ACTCGCTAAGAGGATAx,6.1392517,9.517346,dNC_nohox,0.1664334232158248,0.1461379201413115,0.2782104175226248,0.4092182391202363
nc02_zumi:ACTCGCTAAGCTAGAAx,7.493717,7.0893874,dNC_hoxa2b,0.1416689708741437,0.1607524434010331,0.2965195051772555,0.4010590805475646
nc02_zumi:ACTCGCTAAGGCTTAGx,7.086976,10.784729,NPB_nohox,0.1618465369425841,0.1430619066444315,0.280042114342561,0.4150494420704212
nc02_zumi:ACTCGCTAATAGAGAGx,6.7031856,8.886239,dNC_nohox,0.1605856246903972,0.1434984379544365,0.2809317092170375,0.4149842281381263
nc02_zumi:ACTCGCTAATTAGACGx,7.426612,8.380921,dNC_nohox,0.1599567309735401,0.1453810877332069,0.2854950308537548,0.4091671504394955
nc02_zumi:ACTCGCTACTAGTCGAx,7.6420965,7.623175,dNC_hoxa2b,0.1408712035124142,0.1518193349560135,0.3007746775995807,0.4065347839319883
nc02_zumi:ACTCGCTACTTAATAGx,7.9639893,9.62595,NPB_nohox,0.1599650764544775,0.1428264422822973,0.2819927152176293,0.4152157660455931
nc02_zumi:ACTCGCTATACTCCTTx,6.724063,9.321124,dNC_nohox,0.1619677045181581,0.1434271045112981,0.2796686429732086,0.4149365479973324
nc02_zumi:ACTCGCTATATGCAGTx,7.3796196,7.3148217,dNC_hox34,0.066857988406935,0.0909090275608872,0.5939465469000393,0.2482864371321335
nc02_zumi:AGGCAGAAACTCTAGGx,6.7137084,9.482222,dNC_nohox,0.1632429599564586,0.1439877022457797,0.2791676642120264,0.4136016735857327
nc02_zumi:AGGCAGAAAGCTAGAAx,5.381872,9.698683,dNC_nohox,0.1674539207883752,0.1452246186869282,0.2763953224952302,0.4109261380294641
nc02_zumi:AGGCAGAAATAGAGAGx,7.1778903,8.710055,dNC_nohox,0.160084033285414,0.1440773678576106,0.2810301935781827,0.41480840527879
nc02_zumi:AGGCAGAAATTAGACGx,7.6434164,9.4262905,NPB_nohox,0.159068799733355,0.1425837516672181,0.2834083068186301,0.4149391417807944
nc02_zumi:AGGCAGAACGGAGAGAx,5.8547897,9.137097,dNC_nohox,0.1639042279153949,0.146731922204292,0.2780788644749074,0.4112849854054031
nc02_zumi:AGGCAGAACTAGTCGAx,6.4823747,10.133856,dNC_nohox,0.1664532438807102,0.144043200355118,0.2776555415883882,0.4118480141757811
nc02_zumi:AGGCAGAACTCCTTACx,7.566564,9.224843,NPB_nohox,0.1603179990637109,0.1430361524765466,0.2809539892557931,0.4156918592039467
nc02_zumi:AGGCAGAATAAGGCTCx,7.7264776,6.4552107,dNC_hoxa2b,0.1410460197317075,0.162338468085619,0.297722435725286,0.3988930764573841
nc02_zumi:AGGCAGAATACTCCTTx,8.67425,8.805942,NPB_nohox,0.1603491449502546,0.1431266130610131,0.2816762113692467,0.4148480306194827
nc02_zumi:AGGCAGAATCGCATAAx,6.3274226,8.319056,dNC_nohox,0.1537273551132164,0.1433049806314326,0.2918690661191329,0.4110985981362157
nc02_zumi:AGGCAGAATCTTACGCx,6.0330806,10.245435,dNC_nohox,0.1677375823138773,0.1442468812888193,0.2767989674031881,0.4112165689941128
nc02_zumi:CCTAAGACCTCCTTACx,8.338095,9.008092,NPB_nohox,0.155241979719375,0.1422149682271722,0.2841278151563008,0.4184152368971497
nc02_zumi:CCTAAGACCTTAATAGx,6.6735654,10.31544,dNC_nohox,0.162807841490654,0.1434692981775839,0.2794599058456966,0.4142629544860629
nc02_zumi:CCTAAGACTAAGGCTCx,8.412516,8.467326,dNC_nohox,0.1598826563866523,0.1436386312522309,0.2817542532427582,0.4147244591183561
nc02_zumi:CCTAAGACTACTCCTTx,7.360665,6.610587,dNC_hoxa2b,0.1407595183294269,0.1668332726503968,0.2954194353085759,0.396987773711597
nc02_zumi:CTCTCTACACTCTAGGx,7.246086,8.380475,dNC_nohox,0.1553863146220294,0.1463127998186366,0.288087581078624,0.4102133044807075
nc02_zumi:CTCTCTACAGAGGATAx,6.8146305,7.0721054,dNC_hoxa2b,0.1386075275754251,0.164148704894153,0.299305019197332,0.3979387483330865
nc02_zumi:CTCTCTACAGGCTTAGx,9.693037,6.170578,dNC_hox34,0.0634242694988064,0.0874978884148801,0.6089374482840616,0.2401403938022474
nc02_zumi:CTCTCTACATAGAGAGx,7.454936,9.821326,NPB_nohox,0.1625236815066529,0.1437404376562993,0.2798846531502069,0.4138512276868383
nc02_zumi:CTCTCTACATTAGACGx,7.29802,10.510542,dNC_nohox,0.1628627698111393,0.1434593438980142,0.2794259849563172,0.4142519013345269
nc02_zumi:CTCTCTACCTAGTCGAx,6.489652,8.804463,dNC_nohox,0.162204251107787,0.145946456050702,0.2789794153852799,0.4128698774562284
nc02_zumi:CTCTCTACCTTAATAGx,7.0164256,10.910629,NPB_nohox,0.1626003277872029,0.1432349091966085,0.2794001787988536,0.4147645842173326
nc02_zumi:CTCTCTACTATGCAGTx,6.744104,7.0420947,dNC_hoxa2b,0.1408527221821364,0.181687800371936,0.2898338658843813,0.3876256115615429
nc02_zumi:CTCTCTACTCGCATAAx,6.812813,6.4270887,dNC_hoxa2b,0.1385584275262412,0.1780376428642626,0.2959104048295688,0.3874935247799241
nc02_zumi:CTCTCTACTCTTACGCx,5.6146164,8.756818,dNC_nohox,0.1699556151160994,0.1590735947398999,0.2577292833729716,0.4132415067710267
nc02_zumi:GCGTAGTAACTCTAGGx,8.152262,9.426421,NPB_nohox,0.1537808942904059,0.1413680183069162,0.2872593700549871,0.4175917173476884
nc02_zumi:GCGTAGTATAAGGCTCx,6.893002,9.017175,dNC_nohox,0.1607833172824498,0.143247428664325,0.2809807208302354,0.4149885332229873
nc02_zumi:GCGTAGTATACTCCTTx,7.857812,7.140546,dNC_hoxa2b,0.1420502712902222,0.1549886164401516,0.2994564603802608,0.403504651889362
nc02_zumi:GCTCATGAACTCTAGGx,7.610002,9.108245,NPB_nohox,0.1562518288850337,0.1427069651905516,0.2848498007879372,0.4161914051364751
nc02_zumi:GCTCATGAAGGCTTAGx,2.2166057,3.8252106,dNC_nohox,0.6316638637533054,0.1600218989929953,0.0743097589105423,0.1340044783431563
nc02_zumi:GCTCATGAATAGAGAGx,5.756669,9.542904,dNC_nohox,0.1638648563275246,0.1448546119720305,0.2784733318871853,0.4128071998132572
nc02_zumi:GCTCATGAATAGCCTTx,5.6445427,9.356505,NPB_nohox,0.1614199259691155,0.1478998864857608,0.2787697067868035,0.4119104807583176
nc02_zumi:GCTCATGACGGAGAGAx,7.2844877,10.877081,NPB_nohox,0.1599647768045181,0.1423500925344017,0.28090523744369,0.416779893217388
nc02_zumi:GCTCATGACTAGTCGAx,8.748904,8.313868,NPB_nohox,0.1557572111961526,0.1426079820468598,0.2855317452411819,0.4161030615158033
nc02_zumi:GCTCATGACTCCTTACx,8.37838,8.742121,dNC_nohox,0.1617153114633945,0.1437024369179516,0.2806392760475368,0.4139429755711145
nc02_zumi:GCTCATGATAAGGCTCx,7.772507,7.6675396,dNC_hoxa2b,0.1441818868822744,0.1472571198847678,0.3016316984258575,0.4069292948070969
nc02_zumi:GCTCATGATACTCCTTx,7.3278375,7.281672,dNC_hoxa2b,0.1416802952961894,0.1582658688793956,0.2981863976434326,0.4018674381809791
nc02_zumi:GCTCATGATCTTACGCx,6.6957893,6.267369,dNC_hoxa2b,0.1390107064256253,0.1752562953170533,0.2953901303636445,0.3903428678936735
nc02_zumi:GGACTCCTACTCTAGGx,7.8135486,9.91179,NPB_nohox,0.1598485321127291,0.1427397128274621,0.2816090945824444,0.4158026604773621
nc02_zumi:GGACTCCTAGAGGATAx,5.612448,9.910843,dNC_nohox,0.1648187758212856,0.1445361992026923,0.2781635514260958,0.412481473549924
nc02_zumi:GGACTCCTATAGAGAGx,6.618707,8.776791,dNC_nohox,0.1620773851379641,0.1449819422848252,0.2806691613314058,0.4122715112458023
nc02_zumi:GGACTCCTATAGCCTTx,6.509781,7.0206513,dNC_hoxa2b,0.1442683711966312,0.1826152094896098,0.2901900025748856,0.3829264167388708
nc02_zumi:GGACTCCTATTAGACGx,6.538603,10.173622,dNC_nohox,0.1646724754398714,0.1438287632255758,0.2782650550806561,0.4132337062538944
nc02_zumi:GGACTCCTCTAGTCGAx,9.800463,6.466746,dNC_hox34,0.0632315790776228,0.0872517065862468,0.6096529807840149,0.2398637335521106
nc02_zumi:GGACTCCTCTCCTTACx,8.880779,6.9772353,dNC_hox34,0.0690438263369954,0.0913667052523577,0.5847849023373846,0.2548045660732577
nc02_zumi:GGACTCCTCTTAATAGx,8.12787,9.982578,NPB_nohox,0.1595034795014133,0.1429382906657304,0.2821670325646848,0.4153911972681691
nc02_zumi:GGACTCCTTCGCATAAx,6.327941,10.767693,dNC_nohox,0.1639670372800144,0.1437330795397705,0.278497720331489,0.4138021628487238
nc02_zumi:GGACTCCTTCTTACGCx,6.5155935,9.5246105,dNC_nohox,0.1627997495862013,0.143452411591332,0.2790357360789947,0.4147121027434697
nc02_zumi:TAAGGCGAACTCTAGGx,7.6077456,10.60979,NPB_nohox,0.1605879706990438,0.1427510161066258,0.2807890416771286,0.4158719715171992
nc02_zumi:TAAGGCGAAGAGGATAx,5.363615,8.484042,dNC_nohox,0.1659607180502685,0.1573551839743557,0.2551889817781489,0.4214951161972246
nc02_zumi:TAAGGCGAAGGCTTAGx,6.158258,8.914355,dNC_nohox,0.1601002850028287,0.1423070443160383,0.2795700313808377,0.418022639300293
nc02_zumi:TAAGGCGAATAGAGAGx,7.4384623,6.2783065,dNC_hoxa2b,0.1405285623397483,0.1668603083717748,0.2962271317438025,0.396383997544671
nc02_zumi:TAAGGCGACTAGTCGAx,7.983932,8.4523115,dNC_nohox,0.1601998260903074,0.1434616317132386,0.2815048132056926,0.4148337289907589
nc02_zumi:TAAGGCGACTTAATAGx,9.863051,6.316022,dNC_hox34,0.0631688194481006,0.0871799621731871,0.6099013823266748,0.2397498360520326
nc02_zumi:TAAGGCGATACTCCTTx,7.9086194,10.268807,NPB_nohox,0.159995931436942,0.1426195566086621,0.2813537774717313,0.4160307344826622
nc02_zumi:TAAGGCGATATGCAGTx,5.861756,8.042831,NPB_hox3,0.0957779387212243,0.1090682409914394,0.2738509873211827,0.5213028329661503
nc02_zumi:TACGCTGCCTAGTCGAx,7.9110665,10.180373,NPB_nohox,0.1597026684247015,0.1424962525231361,0.2817373204562893,0.4160637585958705
nc02_zumi:TACGCTGCCTCCTTACx,7.61929,7.196656,dNC_hoxa2b,0.1424400526860637,0.1578406897651541,0.2984237145846075,0.4012955429641713
nc02_zumi:TACGCTGCCTTAATAGx,7.4874024,6.6506042,dNC_hoxa2b,0.13950644247743,0.1657757142416267,0.2995672971745939,0.395150546106346
nc02_zumi:TACGCTGCTAAGGCTCx,7.4868774,9.943569,NPB_nohox,0.1609807934798908,0.1430653501115001,0.2806903331362446,0.4152635232723617
nc02_zumi:TACGCTGCTACTCCTTx,7.2178016,9.985016,dNC_nohox,0.1616715099240035,0.1431266878215044,0.2795420234635594,0.4156597787909299
nc02_zumi:TAGCGCTCACTCTAGGx,7.282067,9.022326,dNC_nohox,0.1586407234101958,0.1428891370159906,0.2830087493553546,0.4154613902184566
nc02_zumi:TAGCGCTCATTAGACGx,7.4816003,8.736947,NPB_nohox,0.1551154322642902,0.1423960070682554,0.2863728874040798,0.4161156732633721
nc02_zumi:TAGCGCTCCTCCTTACx,6.8009133,9.089173,dNC_nohox,0.1612884338979353,0.1446673980085064,0.2810235384346227,0.413020629658933
nc02_zumi:TAGCGCTCTAAGGCTCx,8.347404,8.596978,dNC_nohox,0.1580302732890744,0.1433758104035928,0.2832182781460642,0.415375638161266
nc02_zumi:TAGCGCTCTACTCCTTx,8.020231,8.649304,dNC_nohox,0.1596814066785271,0.1436774271101123,0.2820928559848318,0.4145483102265266
nc02_zumi:TGCAGCTAATAGAGAGx,7.1385813,9.247136,dNC_nohox,0.1600415893811008,0.1432340778534577,0.2813367114812762,0.4153876212841629
nc02_zumi:TGCAGCTACTAGTCGAx,7.747493,9.980393,NPB_nohox,0.1598562151248836,0.1425734678911991,0.2810176553321726,0.4165526616517422
nc02_zumi:TGCAGCTACTTAATAGx,7.937534,10.19558,NPB_nohox,0.1590947382827573,0.1424746504675937,0.2817206543240036,0.4167099569256427
nc03_zumi:AAGAGGCAACTCTAGGx,6.6448956,5.716666,mNC_arch2,0.1329424022390025,0.2614486828387954,0.2613806445912067,0.3442282703309927
nc03_zumi:AAGAGGCAATAGAGAGx,6.139064,5.906421,mNC_arch2,0.1246215575739868,0.3548328654763112,0.2265616841058345,0.2939838928438648
nc03_zumi:AAGAGGCAATTAGACGx,3.5780048,3.3911693,mNC_arch1,0.2235551948052141,0.7621288263282796,0.0071610387175486,0.0071549401489573
nc03_zumi:AAGAGGCACTAGTCGAx,4.986995,6.7789273,NPB_hox3,0.0655082741435933,0.0851916270221183,0.2479768217794403,0.6013232770548443
nc03_zumi:AAGAGGCACTCCTTACx,2.0482128,5.557246,Pigment,0.0039082261894704,0.0089041939733801,0.0053328435905805,0.9818547362465688
nc03_zumi:AAGAGGCATAAGGCTCx,4.131313,4.074318,mNC_nohox,0.2007096038116244,0.6442797084203512,0.0726851207629889,0.0823255670050349
nc03_zumi:AAGAGGCATACTCCTTx,3.2664292,3.9342628,mNC_nohox,0.4362038844432697,0.4056503621278984,0.0651726735574745,0.0929730798713569
nc03_zumi:ACTCGCTAACTCTAGGx,3.7458398,4.73928,mNC_nohox,0.1419344323701174,0.5848031282277146,0.0955694707432146,0.1776929686589532
nc03_zumi:ACTCGCTAATTAGACGx,4.8050303,4.0804443,mNC_nohox,0.1360580730231262,0.7065070826356191,0.0973864742892516,0.0600483700520029
nc03_zumi:ACTCGCTACTAGTCGAx,1.3025132,5.755253,Pigment,0.0005577310012443,0.0007917072565387,0.000579163609119,0.998071398133098
nc03_zumi:ACTCGCTATAAGGCTCx,2.1982276,3.255355,mNC_nohox,0.8152262706821946,0.1353472107939847,0.0142352750905205,0.0351912434333
nc03_zumi:ACTCGCTATACTCCTTx,2.4760213,3.8221622,mNC_nohox,0.6544399382425521,0.2307065468185495,0.0316716830724909,0.0831818318664072
nc03_zumi:AGGCAGAAACTCTAGGx,3.3728557,3.5282676,mNC_nohox,0.5280964775472647,0.39774251053052,0.0308707621832946,0.0432902497389205
nc03_zumi:AGGCAGAAATAGAGAGx,6.3238344,5.2505236,mNC_arch2,0.1286353649896597,0.3134317675501547,0.2447902802665914,0.3131425871935916
nc03_zumi:AGGCAGAAATTAGACGx,6.697814,5.6351833,mNC_arch2,0.1365121370915539,0.2097017846525141,0.2812359373973799,0.3725501408585491
nc03_zumi:AGGCAGAACTAGTCGAx,6.719521,6.037075,dNC_hoxa2b,0.1374178592389387,0.1998474796249502,0.2849277089044857,0.3778069522316224
nc03_zumi:AGGCAGAACTTAATAGx,3.4957356,4.767693,mNC_nohox,0.2232971032753755,0.4028823435054259,0.0928126345512625,0.2810079186679357
nc03_zumi:AGGCAGAATAAGGCTCx,6.3197846,6.1360173,dNC_hoxa2b,0.1327881294528297,0.2271245487790764,0.2714264905411389,0.368660831226952
nc03_zumi:ATCTCAGGATTAGACGx,4.4345045,4.912979,mNC_nohox,0.1485820358726934,0.5853393448793793,0.0810009749016304,0.1850776443462967
nc03_zumi:ATCTCAGGTACTCCTTx,5.283233,5.614429,mNC_vagal,0.0623678281304952,0.1022443572430649,0.4032820532799193,0.4321057613465185
nc03_zumi:ATGCGCAGACTCTAGGx,6.167933,5.703471,dNC_hox34,0.0645339196631356,0.0905742910093939,0.5963643855135884,0.2485274038138775
nc03_zumi:ATGCGCAGCTCCTTACx,6.5119762,5.8745694,mNC_arch2,0.1343908581690422,0.2714173445678287,0.256382536085775,0.3378092611773516
nc03_zumi:ATGCGCAGCTTAATAGx,2.9147003,3.4850807,mNC_nohox,0.6587457933302329,0.2987746348442542,0.0148782848397825,0.0276012869857302
nc03_zumi:ATGCGCAGTACTCCTTx,9.473739,5.6160955,dNC_hox34,0.0622365809301445,0.086131676577861,0.6155356701706017,0.2360960723213879
nc03_zumi:CCTAAGACATTAGACGx,4.5352073,7.3555775,NPB_hox3,0.0535291579999713,0.0744237000597204,0.1947744066250518,0.6772727353152521
nc03_zumi:CCTAAGACCTAGTCGAx,4.330134,4.016447,mNC_nohox,0.2039537301836111,0.6765021221107098,0.0549810952800507,0.0645630524256276
nc03_zumi:CCTAAGACCTCCTTACx,2.4559755,3.0768893,mNC_nohox,0.8764637281468468,0.1043184579545808,0.0061785004551545,0.0130393134434175
nc03_zumi:CCTAAGACCTTAATAGx,2.4656253,5.48377,mNC_nohox,0.0208030290928659,0.0289928446035883,0.0158488342837238,0.9343552920198218
nc03_zumi:CCTAAGACTAAGGCTCx,2.6977572,3.1887913,mNC_nohox,0.8967367727900899,0.0806645016712489,0.0075530448874504,0.0150456806512104
nc03_zumi:CGAGGCTGATTAGACGx,6.02914,7.8895864,NPB_hox3,0.1120793662599108,0.1320343772349101,0.3108535857475464,0.4450326707576301
nc03_zumi:CGAGGCTGCTTAATAGx,5.651942,5.1050587,mNC_arch2,0.1672201143926257,0.6104676680287671,0.0969927050359888,0.1253195125426176
nc03_zumi:CGATCAGTATTAGACGx,1.591624,3.2976317,mNC_nohox,0.8526972562639342,0.1092199962944206,0.0110751021167067,0.0270076453249382
nc03_zumi:CGATCAGTCTAGTCGAx,1.7383623,3.768256,mNC_nohox,0.7110047373156652,0.1613788402533743,0.0427899525636178,0.0848264698673421
nc03_zumi:CGATCAGTCTTAATAGx,1.724078,3.3559937,mNC_nohox,0.8635028363079379,0.1028346375584234,0.0105588892658371,0.0231036368678014
nc03_zumi:CGATCAGTTACTCCTTx,3.685329,4.7970333,mNC_nohox,0.1606467649411805,0.5300818058908767,0.0971273209793035,0.2121441081886388
nc03_zumi:CGGAGCCTATTAGACGx,1.8530787,3.9629498,mNC_nohox,0.7048278095142815,0.1760101349110532,0.0298250819815879,0.089336973593077
nc03_zumi:CGTACTAGCTCCTTACx,1.6572014,3.6459587,mNC_nohox,0.7541234468664005,0.1343053836480842,0.0355149093367145,0.0760562601488005
nc03_zumi:CGTACTAGCTTAATAGx,9.079333,5.090082,mNC_hox34,0.0169731587183488,0.0272024909804569,0.8894116783273843,0.0664126719738087
nc03_zumi:CGTACTAGTAAGGCTCx,1.7755551,3.6618674,mNC_nohox,0.8169866413889686,0.1269005804458964,0.0146925692878898,0.0414202088772449
nc03_zumi:CGTACTAGTACTCCTTx,4.3106027,4.5682554,mNC_nohox,0.1367802215691018,0.7384562644047789,0.0569114815363184,0.0678520324898004
nc03_zumi:CTCTCTACACTCTAGGx,6.45933,5.732537,mNC_arch2,0.1320609043254179,0.2581054544858993,0.267404435758862,0.342429205429818
nc03_zumi:CTCTCTACATAGAGAGx,5.819393,5.281955,mNC_arch2,0.1053246046152333,0.6514082764641443,0.1440051080621702,0.0992620108584515
nc03_zumi:CTCTCTACATTAGACGx,1.8412925,5.525796,Pigment,0.0039337702510544,0.0095560653713309,0.0036177084623301,0.9828924559152844
nc03_zumi:CTCTCTACCTAGTCGAx,4.062942,5.0065513,mNC_nohox,0.1747700390298009,0.5198032260018842,0.0954076385190323,0.2100190964492819
nc03_zumi:CTCTCTACCTCCTTACx,1.8687899,5.7746525,Pigment,0.0032823136641864,0.0054749022630101,0.0039846075954763,0.9872581764773272
nc03_zumi:CTCTCTACTAAGGCTCx,3.6891496,5.352704,mNC_nohox,0.2577092774587307,0.3059512694212228,0.0715011226291173,0.3648383304909289
nc03_zumi:CTCTCTACTACTCCTTx,9.67346,5.9944534,dNC_hox34,0.0630139694327992,0.0871806993394601,0.6103214648912937,0.239483866336442
nc03_zumi:GCGTAGTAATTAGACGx,2.3967621,3.6351476,mNC_nohox,0.7944676005291927,0.1422006828793859,0.0193093697581271,0.044022346833294
nc03_zumi:GCGTAGTACTAGTCGAx,5.3588305,6.3785987,NPB_hox3,0.0989588704932633,0.1229595467377911,0.2785477674761948,0.4995338152927477
nc03_zumi:GCGTAGTACTTAATAGx,3.1373792,5.235915,mNC_nohox,0.0418787112842572,0.1090449399522442,0.0485564212900199,0.8005199274734787
nc03_zumi:GCGTAGTATAAGGCTCx,2.6435356,3.7203212,mNC_nohox,0.706314322945015,0.1793967425119784,0.0314952891687135,0.082793645374293
nc03_zumi:GCGTAGTATACTCCTTx,2.645493,3.156081,mNC_nohox,0.7664751049683372,0.1704944581434804,0.0185001998717075,0.044530237016475
nc03_zumi:GCTCATGAATAGAGAGx,4.5783725,4.5353284,mNC_nohox,0.1779183471367543,0.5215857999716386,0.1253529997889529,0.1751428531026536
nc03_zumi:GCTCATGAATTAGACGx,5.9939356,4.728633,mNC_arch2,0.0607624885147839,0.8640020612299508,0.0475456653661546,0.0276897848891104
nc03_zumi:GCTCATGACTAGTCGAx,3.995754,4.3369107,mNC_nohox,0.1619874626335468,0.6528520436845842,0.0714807268453549,0.1136797668365138
nc03_zumi:GCTCATGACTCCTTACx,3.5066838,3.9814687,mNC_nohox,0.3852235668199583,0.4930193296582372,0.0461689872116347,0.0755881163101697
nc03_zumi:GCTCATGACTTAATAGx,3.924899,3.6297581,mNC_nohox,0.2801806808521953,0.6010079157549444,0.0572485978679911,0.0615628055248689
nc03_zumi:GCTCATGATACTCCTTx,9.9209,5.8688216,dNC_hox34,0.0631620102808635,0.0871585838566935,0.610470030034987,0.2392093758274509
nc03_zumi:GGACTCCTATTAGACGx,2.962045,2.9169254,mNC_nohox,0.9279223692695192,0.0583755755319081,0.0058673180509619,0.0078347371476105
nc03_zumi:GGACTCCTCTAGTCGAx,6.956208,5.8011594,mNC_arch2,0.1381487817386414,0.1951894937140701,0.2865908690063372,0.3800708555409481
nc03_zumi:GGACTCCTCTCCTTACx,2.0745935,4.589861,mNC_nohox,0.535958478034948,0.1363508022371602,0.0266839487178876,0.301006771010004
nc03_zumi:GGACTCCTTAAGGCTCx,9.711968,5.6078806,dNC_hox34,0.0630910152199867,0.0871526327662462,0.6102937186664189,0.2394626333473433
nc03_zumi:GGAGCTACCTTAATAGx,3.562512,4.248492,mNC_nohox,0.2377823682441647,0.5538946726128707,0.0763198117701764,0.1320031473727875
nc03_zumi:GGAGCTACTACTCCTTx,6.432377,5.4469066,mNC_arch2,0.1313791169819467,0.2885822744904476,0.2505307884400623,0.3295078200875403
nc03_zumi:GTAGAGGACTAGTCGAx,4.8130374,6.7984447,NPB_hox3,0.0665462881079769,0.088455742195027,0.2416428948798537,0.603355074817139
nc03_zumi:GTAGAGGACTTAATAGx,5.289913,5.107578,mNC_vagal,0.0329971990715512,0.0517158469092702,0.3095074664842236,0.6057794875349543
nc03_zumi:GTAGAGGATAAGGCTCx,3.8906932,3.755928,mNC_nohox,0.3361882902092832,0.612056687533812,0.0253366451687922,0.0264183770881119
nc03_zumi:GTAGAGGATACTCCTTx,6.46771,5.780672,mNC_arch2,0.1344731559740238,0.2047536119279732,0.2917009314332737,0.369072300664726
nc03_zumi:TAAGGCGAACTCTAGGx,6.0648246,6.60625,dNC_hoxa2b,0.1598081701017995,0.1875869072857403,0.2737500422361656,0.378854880376292
nc03_zumi:TAAGGCGAATAGAGAGx,4.2811627,4.463809,mNC_nohox,0.1495507185997931,0.7321457050220389,0.0665909953073224,0.0517125810708455
nc03_zumi:TAAGGCGAATTAGACGx,9.845786,5.9652114,dNC_hox34,0.0634283606093337,0.0875042617191566,0.6091068272909659,0.2399605503805387
nc03_zumi:TAAGGCGACTAGTCGAx,6.0760045,5.495779,mNC_arch2,0.1272716302030057,0.4728632262184202,0.1674090959711815,0.2324560476073909
nc03_zumi:TAAGGCGACTCCTTACx,2.1876743,2.7926326,mNC_nohox,0.9631299187743138,0.0311509413665863,0.0018185884571138,0.0039005514019861
nc03_zumi:TAAGGCGACTTAATAGx,3.0906405,5.4527664,mNC_nohox,0.1468621881788473,0.2038612636162677,0.0759474877596127,0.5733290604452719
nc03_zumi:TAAGGCGATAAGGCTCx,1.9741896,5.7072744,Pigment,0.0061105513627757,0.0118100978946352,0.0089787133071738,0.9731006374354152
nc03_zumi:TAAGGCGATACTCCTTx,4.052447,4.410202,mNC_nohox,0.1482960433570091,0.6916895325314043,0.0801607667133726,0.0798536573982132
nc03_zumi:TACGCTGCACTCTAGGx,1.8992612,2.7831826,mNC_nohox,0.9467764413584446,0.0416966022785297,0.0038733530518076,0.007653603311218
nc03_zumi:TACGCTGCATAGAGAGx,4.1791143,7.5197186,NPB_hox3,0.0531034286054017,0.0739363798314751,0.1928601655098421,0.6801000260532767
nc03_zumi:TACGCTGCATTAGACGx,2.6568942,3.3850803,mNC_nohox,0.7491119050709147,0.193502517008932,0.0201436582731822,0.0372419196469711
nc03_zumi:TACGCTGCCTAGTCGAx,1.8106349,5.8016853,Pigment,0.001410964726931,0.0024163971956218,0.0017450288253441,0.9944276092521026
nc03_zumi:TACGCTGCCTCCTTACx,3.424648,4.254025,mNC_nohox,0.3274298015743734,0.4767682683739672,0.0559553160919367,0.1398466139597225
nc03_zumi:TACGCTGCTAAGGCTCx,1.4598842,5.8332543,Pigment,0.0040838231182375,0.004760867093817,0.0058666337050517,0.9852886760828936
nc03_zumi:TACGCTGCTACTCCTTx,4.7435474,4.1858034,mNC_nohox,0.19392324280416,0.6903584357276831,0.055759018931485,0.0599593025366716
nc03_zumi:TAGCGCTCACTCTAGGx,4.1766815,3.9456406,mNC_nohox,0.1762033121258039,0.7076741559344968,0.0491412249676712,0.0669813069720278
nc03_zumi:TAGCGCTCATAGAGAGx,2.700286,3.5382903,mNC_nohox,0.7914101843837089,0.1592004715629282,0.0166688078362897,0.032720536217073
nc03_zumi:TAGCGCTCATTAGACGx,6.324092,5.544249,mNC_arch2,0.1278469799095944,0.3136708268269034,0.2495433394292154,0.3089388538342846
nc03_zumi:TAGCGCTCCTAGTCGAx,3.7334156,4.392297,mNC_nohox,0.1811989482781486,0.6627619146130902,0.0586036315922443,0.0974355055165166
nc03_zumi:TAGCGCTCCTCCTTACx,1.6664413,5.5180087,Pigment,0.0083139833954973,0.0123133080243602,0.0073571806085913,0.9720155279715508
nc03_zumi:TAGCGCTCTAAGGCTCx,2.526737,4.047073,mNC_nohox,0.6437475372269744,0.1877337531090122,0.030383147743908,0.1381355619201052
nc03_zumi:TAGCGCTCTACTCCTTx,4.1511817,7.3540916,NPB_hox3,0.05250541011234,0.0734790184005942,0.1919402776585022,0.6820752938285589
nc03_zumi:TAGGCATGCTAGTCGAx,1.969383,3.1397395,mNC_nohox,0.8740548372191342,0.1027315616235183,0.0071304949959104,0.0160831061614368
nc03_zumi:TAGGCATGCTCCTTACx,2.1882796,3.3710024,mNC_nohox,0.8670945241764262,0.1006016965678411,0.0098811969850894,0.0224225822706433
nc03_zumi:TCCTGAGCCTCCTTACx,1.637527,3.577004,mNC_nohox,0.8138143973934074,0.1374070053140047,0.0154088725882921,0.0333697247042956
nc03_zumi:TCCTGAGCTACTCCTTx,1.9616139,3.435261,mNC_nohox,0.7765753491037524,0.1753947904985794,0.0143849148355885,0.0336449455620796
nc03_zumi:TGCAGCTAATTAGACGx,9.372082,6.018647,dNC_hox34,0.0630453787937487,0.0869996417353911,0.6105574450717915,0.2393975343990637
nc03_zumi:TGCAGCTACTAGTCGAx,8.976182,5.3509755,dNC_hox34,0.0625806411444418,0.0869340186691799,0.613513972709744,0.2369713674766296
nc03_zumi:TGCAGCTACTCCTTACx,4.052276,5.3774753,mNC_nohox,0.1885101438636263,0.2892553781218676,0.1219679126256128,0.4002665653888921
nc03_zumi:TGCAGCTATACTCCTTx,3.7588637,4.0613284,mNC_nohox,0.1719378646259854,0.6987801386282256,0.0545087129557231,0.0747732837900654
nc04_zumi:AAGAGGCAAGAGGATAx,6.1599283,10.535899,dNC_nohox,0.1642707134152093,0.1438153781139599,0.2783175918487348,0.4135963166220934
nc04_zumi:AAGAGGCAATAGCCTTx,6.7356153,6.5197954,dNC_hoxa2b,0.1376456548072062,0.164507601901594,0.2987906304303347,0.399056112860862
nc04_zumi:AAGAGGCATATGCAGTx,6.99665,6.53333,dNC_hoxa2b,0.1357181931296094,0.1623924549885745,0.3044225952514522,0.3974667566303605
nc04_zumi:ACTCGCTAAGAGGATAx,5.9661784,11.033298,dNC_nohox,0.1631134936146098,0.1436481602055619,0.2789382478076398,0.4143000983721862
nc04_zumi:ACTCGCTAAGCTAGAAx,6.7619023,8.464636,dNC_nohox,0.1443590626781678,0.1357391656063776,0.2890019673870748,0.4308998043283768
nc04_zumi:ACTCGCTAATAGCCTTx,7.2514615,6.391635,dNC_hoxa2b,0.1403016995279244,0.1707449254877077,0.2947832194820016,0.3941701555023628
nc04_zumi:ACTCGCTATATGCAGTx,6.753592,8.778116,dNC_nohox,0.149826940209709,0.1380079237908411,0.2851183487594197,0.4270467872400274
nc04_zumi:ACTCGCTATCGCATAAx,6.5412316,7.6496944,NPB_hox3,0.1217609053385771,0.1271830520065484,0.3162963143455555,0.4347597283093155
nc04_zumi:ACTCGCTATCTTACGCx,6.4553595,6.827572,dNC_hoxa2b,0.126471379391364,0.1560031458549549,0.3057922830114907,0.411733191742187
nc04_zumi:ACTGAGCGCTCCTTACx,0.497338,6.273842,mNC_vagal,5.966918972061696e-06,9.813593942714603e-06,3.0041207510536585e-05,0.9999541782795748
nc04_zumi:AGGCAGAAAGAGGATAx,8.069066,9.719524,NPB_nohox,0.1608007037154871,0.1424010976557948,0.2799517800075383,0.4168464186211775
nc04_zumi:AGGCAGAAAGCTAGAAx,6.0778675,7.636231,NPB_hox3,0.1057672455082388,0.1142235696194755,0.2943321291440444,0.4856770557282378
nc04_zumi:AGGCAGAAATAGCCTTx,5.834607,10.835491,dNC_nohox,0.1625390301847653,0.1434256521479338,0.2789867425185929,0.4150485751487053
nc04_zumi:ATCTCAGGATAGAGAGx,2.4641252,0.33690253,mNC_head_mesenchymal,1.0,0.0,0.0,0.0
nc04_zumi:ATCTCAGGATTAGACGx,4.3048263,2.0584195,mNC_arch1,0.0562876381494761,0.9421506219344646,0.0009434210313223,0.0006183188847366
nc04_zumi:ATGCGCAGCTCCTTACx,4.547609,1.6549748,mNC_arch1,0.0,1.0,0.0,0.0
nc04_zumi:ATGCGCAGTAAGGCTCx,8.4934635,3.9699655,mNC_hox34,0.0,0.0,1.0,0.0
nc04_zumi:ATGCGCAGTACTCCTTx,2.624992,0.05305994,mNC_head_mesenchymal,1.0,0.0,0.0,0.0
nc04_zumi:CCTAAGACAGAGGATAx,5.935422,10.88527,dNC_nohox,0.1640935979831544,0.1438796041848955,0.2783517023286845,0.413675095503263
nc04_zumi:CCTAAGACAGCTAGAAx,5.655679,10.7754545,dNC_nohox,0.1631569111282795,0.1436433513421108,0.2788656447173723,0.4143340928122349
nc04_zumi:CCTAAGACTATGCAGTx,7.575794,10.731337,NPB_nohox,0.1579221036075046,0.1416743263466953,0.2823525729783947,0.4180509970674027
nc04_zumi:CCTAAGACTCGCATAAx,5.3085804,10.3584,dNC_nohox,0.1644922119598023,0.1446401294467837,0.2767113308461442,0.4141563277472676
nc04_zumi:CCTAAGACTCTTACGCx,9.630113,6.114805,dNC_hox34,0.0632915894586487,0.0872956181587046,0.6090429758751571,0.2403698165074847
nc04_zumi:CGATCAGTATAGAGAGx,2.506864,6.18468,mNC_vagal,0.0092790169578745,0.0162475208881195,0.034470033209916,0.9400034289440896
nc04_zumi:CGATCAGTATTAGACGx,3.3862743,0.62672824,mNC_head_mesenchymal,0.9990234839435695,0.0009739936115158,1.2805631544262704e-06,1.2418817600852226e-06
nc04_zumi:CGATCAGTCTCCTTACx,0.6195732,6.150564,mNC_vagal,1.951179431989581e-06,3.155630056525356e-06,1.0980852133871388e-05,0.999983912338378
nc04_zumi:CGATCAGTCTTAATAGx,5.538136,3.2475183,mNC_arch2,0.0,1.0,0.0,0.0
nc04_zumi:CGGAGCCTACTCTAGGx,7.439558,4.0052423,mNC_hox34,0.0,0.0,1.0,0.0
nc04_zumi:CGGAGCCTCTCCTTACx,4.4467053,1.6856046,mNC_arch1,0.0,1.0,0.0,0.0
nc04_zumi:CGGAGCCTCTTAATAGx,4.9311123,3.747696,mNC_arch2,0.0558882305007826,0.9049264758805196,0.0229607248925157,0.0162245687261819
nc04_zumi:CGGAGCCTTAAGGCTCx,5.328074,1.452868,mNC_arch2,0.0,1.0,0.0,0.0
nc04_zumi:CGTACTAGCTAGTCGAx,4.3991847,1.847751,mNC_arch1,0.0730242080297547,0.9247471344838236,0.001907718543096,0.0003209389433255
nc04_zumi:CTCTCTACAGGCTTAGx,6.981298,6.189365,dNC_hoxa2b,0.13949475830996,0.1661183562032666,0.2981661567072403,0.3962207287795299
nc04_zumi:CTCTCTACATAGCCTTx,5.600886,8.772555,dNC_nohox,0.1628657411163925,0.1479180932104618,0.2700186302124074,0.419197535460736
nc04_zumi:CTCTCTACTATGCAGTx,7.271566,6.226243,dNC_hoxa2b,0.1401528235200191,0.1702566924306343,0.2953415082450771,0.3942489758042659
nc04_zumi:CTCTCTACTCGCATAAx,5.865612,8.358301,dNC_nohox,0.1799898863565208,0.1617409484347811,0.2849795338136365,0.3732896313950591
nc04_zumi:CTCTCTACTCTTACGCx,7.143405,6.74995,dNC_hoxa2b,0.1403334927570859,0.1654802886302671,0.296983855198773,0.3972023634138706
nc04_zumi:GCGTAGTAAGCTAGAAx,7.469985,10.695398,NPB_nohox,0.1577522202514463,0.1413142827959432,0.2812443619739707,0.4196891349786375
nc04_zumi:GCGTAGTAAGGCTTAGx,9.1971,6.6653776,dNC_hox34,0.0651206699589979,0.0892062129829212,0.597415502948961,0.2482576141091155
nc04_zumi:GCGTAGTACGGAGAGAx,5.6331267,10.574139,dNC_nohox,0.1644260602536678,0.1439385089469156,0.2780444054362936,0.4135910253631205
nc04_zumi:GCGTAGTATCTTACGCx,5.520986,8.925153,dNC_nohox,0.1652640682427273,0.1474298786476169,0.2734036807696388,0.4139023723400145
nc04_zumi:GCTCATGAAGCTAGAAx,5.402723,10.643081,dNC_nohox,0.171972159458538,0.1447190842117376,0.2742281729429023,0.4090805833868197
nc04_zumi:GCTCATGAAGGCTTAGx,5.498916,8.618579,dNC_nohox,0.1535792465675444,0.1571075831143028,0.2621790085383511,0.4271341617797991
nc04_zumi:GCTCATGAATAGCCTTx,7.1356244,6.711467,dNC_hoxa2b,0.1399958225638255,0.1661567631153397,0.2959227998611365,0.3979246144596947
nc04_zumi:GCTCATGATATGCAGTx,5.7961946,9.971198,dNC_nohox,0.1666062285039137,0.1446224842370541,0.2768754928878378,0.4118957943711918
nc04_zumi:GCTCATGATCGCATAAx,5.3994613,7.4919558,NPB_hox3,0.0821106345705088,0.0980968869918854,0.2514838005677701,0.568308677869832
nc04_zumi:GGACTCCTAGCTAGAAx,6.1468863,8.668308,dNC_nohox,0.176095842355085,0.1507482761318368,0.2680063271082952,0.4051495544047803
nc04_zumi:GGACTCCTATAGCCTTx,7.138882,6.32175,dNC_hoxa2b,0.1401889402518618,0.1668228742587719,0.2958456171761344,0.3971425683132286
nc04_zumi:GGACTCCTTATGCAGTx,5.90007,7.423924,NPB_hox3,0.095418815552291,0.1098823568481333,0.291924304068583,0.5027745235309893
nc04_zumi:GGACTCCTTCGCATAAx,6.0070114,8.669001,dNC_nohox,0.1525833902372404,0.1402147858037294,0.2897594557111494,0.417442368247878
nc04_zumi:GGAGCTACCTTAATAGx,7.091637,3.4946105,mNC_hox34,0.0,0.0,1.0,0.0
nc04_zumi:GGAGCTACTAAGGCTCx,-1.4554207,6.5996766,Pigment,0.0,0.0,0.0,1.0
nc04_zumi:GGAGCTACTACTCCTTx,4.8358116,1.7343022,mNC_arch2,0.0,1.0,0.0,0.0
nc04_zumi:GTAGAGGAACTCTAGGx,2.877514,7.433952,mNC_vagal,0.0459709007948402,0.0641014472784432,0.1667421421063594,0.7231855098203535
nc04_zumi:GTAGAGGACTAGTCGAx,8.602444,4.3850794,mNC_hox34,0.0021485728671302,0.0118233037798461,0.983030327826098,0.0029977955269254
nc04_zumi:GTAGAGGACTCCTTACx,1.3092178,6.488274,mNC_vagal,0.0002129288560832,0.000351905489724,0.0009398090021075,0.9984953566520848
nc04_zumi:GTAGAGGATAAGGCTCx,1.1049863,5.922721,mNC_vagal,2.203248209000548e-05,5.644868974550898e-05,3.5568733722402424e-05,0.999885950094442
nc04_zumi:TAAGGCGACGGAGAGAx,6.353896,9.7247715,dNC_nohox,0.1633520204824,0.1437305338793293,0.2791362590891875,0.4137811865490809
nc04_zumi:TAAGGCGATATGCAGTx,9.425027,6.113057,dNC_hox34,0.0632042967341836,0.0873050533138476,0.6096593886297301,0.2398312613222337
nc04_zumi:TAAGGCGATCTTACGCx,7.5168324,10.561199,NPB_nohox,0.1610746590183098,0.1428373690198885,0.280480680471071,0.4156072914907285
nc04_zumi:TACGCTGCAGAGGATAx,8.941769,6.3588758,dNC_hox34,0.0668752294821389,0.0904071903179747,0.5780562027652424,0.2646613774346392
nc04_zumi:TACGCTGCAGCTAGAAx,5.798557,10.38871,dNC_nohox,0.1692797144248536,0.1443905872491371,0.2756534579563893,0.4106762403696175
nc04_zumi:TACGCTGCTCGCATAAx,5.8259015,10.707817,dNC_nohox,0.163584901414749,0.1436121961797672,0.278505647221866,0.4142972551836154
nc04_zumi:TAGCGCTCAGAGGATAx,5.3311167,9.712686,dNC_nohox,0.1619188705119359,0.1447760669320452,0.2788322189737043,0.414472843582312
nc04_zumi:TAGCGCTCAGCTAGAAx,6.7738028,8.626728,dNC_nohox,0.1438610293837249,0.1360614499108575,0.2891902077572373,0.4308873129481779
nc04_zumi:TAGCGCTCATAGCCTTx,9.327651,6.375132,dNC_hox34,0.0633200252152956,0.0873013015453838,0.6089397064016852,0.2404389668376306
nc04_zumi:TAGCGCTCCGGAGAGAx,5.9219184,7.599865,NPB_hox3,0.0948154986542327,0.1063746531507277,0.2771442832168903,0.521665564978146
nc04_zumi:TAGCGCTCTATGCAGTx,8.92158,6.4512963,dNC_hox34,0.064638324799856,0.0884425116086153,0.602548727436724,0.2443704361547998
nc04_zumi:TAGCGCTCTCGCATAAx,5.7198296,10.997655,dNC_nohox,0.162699290821164,0.1437787676295392,0.278879357824043,0.4146425837252512
nc04_zumi:TAGCGCTCTCTTACGCx,5.875453,11.086487,dNC_nohox,0.1636502567436325,0.1436067770586375,0.2785914845556533,0.4141514816420743
nc04_zumi:TAGGCATGCTCCTTACx,2.414213,6.4064465,mNC_vagal,0.0073287990687918,0.0118171100119619,0.0296906069785862,0.95116348394066
nc04_zumi:TCCTGAGCACTCTAGGx,7.807023,3.6845758,mNC_hox34,0.0012301272770301,0.0205423462751851,0.976463688191381,0.0017638382564039
nc04_zumi:TCCTGAGCCTCCTTACx,-0.18974183,6.807003,mNC_vagal,2.514875357013257e-07,4.294096166708364e-07,8.742652018854399e-07,0.9999984448376456
nc04_zumi:TCGACGTCACTCTAGGx,2.017773,3.1117191,mNC_nohox,0.7447784182959333,0.2307972172467113,0.0085859982884262,0.0158383661689292
nc04_zumi:TCGACGTCATAGAGAGx,2.7246823,7.247665,mNC_vagal,0.0353742277078526,0.0549528791626837,0.1262145502889778,0.7834583428404833
nc04_zumi:TCGACGTCATTAGACGx,2.2872756,0.08563895,mNC_head_mesenchymal,1.0,0.0,0.0,0.0
nc04_zumi:TGCAGCTAAGAGGATAx,6.2668424,10.454378,dNC_nohox,0.1654866735264565,0.1440548478185109,0.2776885828269428,0.412769895828087
nc04_zumi:TGCAGCTAATAGCCTTx,4.704895,7.454275,NPB_hox3,0.0612587287875852,0.0800681284501084,0.2106022823976648,0.6480708603646372
nc04_zumi:TGCAGCTACGGAGAGAx,5.3831067,9.100163,dNC_nohox,0.1621273861779547,0.1455957784271887,0.2793643007298585,0.4129125346649956
nc04_zumi:TGCAGCTATCTTACGCx,5.7320113,9.694053,NPB_nohox,0.1661359413305735,0.1439611158830352,0.2779923702897975,0.4119105724965913
nc05_zumi:AAGAGGCAATTAGACGx,7.3182163,9.226214,dNC_nohox,0.1612688815825682,0.1440291375955622,0.281181821361608,0.4135201594602593
nc05_zumi:AAGAGGCACTAGTCGAx,7.262404,10.162543,NPB_nohox,0.1590327974336312,0.1427008261756034,0.2823990326396163,0.4158673437511466
nc05_zumi:AAGAGGCACTCCTTACx,6.916883,10.253819,dNC_nohox,0.1634868483093497,0.1433194207859178,0.2796690060660612,0.413524724838669
nc05_zumi:AAGAGGCATACTCCTTx,7.739396,6.9053698,dNC_hoxa2b,0.1420383386037195,0.1591288462810308,0.2975904336682027,0.4012423814470434
nc05_zumi:ACTGAGCGAGAGGATAx,6.095715,10.6811,dNC_nohox,0.1659612085333299,0.1438140190848588,0.277541357700334,0.4126834146814745
nc05_zumi:AGGCAGAAACTCTAGGx,7.971153,6.836778,dNC_hoxa2b,0.1422441596119329,0.1581037093009432,0.2977606550129441,0.401891476074176
nc05_zumi:AGGCAGAAATAGAGAGx,2.891082,0.19985603,mNC_head_mesenchymal,0.999854792828933,0.0001398211331322,2.860808777272025e-06,2.525229157489923e-06
nc05_zumi:AGGCAGAAATTAGACGx,6.362192,10.731228,dNC_nohox,0.1666238846013276,0.1437114904446608,0.2778151982568526,0.4118494266971568
nc05_zumi:AGGCAGAACTAGTCGAx,7.296957,6.9952087,dNC_hoxa2b,0.1406264989939182,0.1599723324668816,0.3004111583332028,0.3989900102059939
nc05_zumi:ATCTCAGGTCGCATAAx,6.611154,10.9453745,dNC_nohox,0.1666687255833699,0.1437594919296874,0.2773932688712239,0.4121785136157162
nc05_zumi:ATGCGCAGTATGCAGTx,6.2433977,10.400771,dNC_nohox,0.1643107316752976,0.1436107718700562,0.2781563647243641,0.4139221317302793
nc05_zumi:ATGCGCAGTCGCATAAx,9.948071,6.2808228,dNC_hox34,0.0633084096373444,0.087283413173087,0.6092666720325215,0.2401415051570417
nc05_zumi:GCGTAGTAATTAGACGx,6.8535166,9.808321,dNC_nohox,0.1597348118205966,0.1427779108294353,0.2837236004325131,0.4137636769174526
nc05_zumi:GCTCATGACTAGTCGAx,7.1487503,9.691523,NPB_nohox,0.1571226648994276,0.142380555604598,0.284266348005548,0.4162304314904239
nc05_zumi:GCTCATGACTTAATAGx,7.1099973,10.321766,dNC_nohox,0.1619625770810506,0.1431787570334644,0.2806286408771856,0.4142300250082969
nc05_zumi:GCTCATGATAAGGCTCx,6.9923105,9.970287,dNC_nohox,0.1596925519118106,0.1425971818342762,0.2820475580966318,0.4156627081572789
nc05_zumi:GCTCATGATACTCCTTx,7.3392544,9.537211,NPB_nohox,0.1554516534422127,0.1420103828817368,0.2863831059002353,0.4161548577758128
nc05_zumi:GGACTCCTACTCTAGGx,7.731818,9.55441,NPB_nohox,0.1551963382333698,0.1426683348623665,0.2863230185238682,0.4158123083803929
nc05_zumi:GGACTCCTTACTCCTTx,7.3715606,10.221011,NPB_nohox,0.161523328562014,0.1431001658106017,0.2805852209242547,0.414791284703127
nc05_zumi:GGAGCTACAGGCTTAGx,5.988643,9.414502,dNC_nohox,0.1638174771223404,0.1433055763171004,0.2817556190426983,0.4111213275178583
nc05_zumi:GGAGCTACCGGAGAGAx,6.376084,10.816562,dNC_nohox,0.1663915316207631,0.1444728761649685,0.2773364328034793,0.4117991594107866
nc05_zumi:GTAGAGGACGGAGAGAx,6.276702,9.236409,dNC_nohox,0.1607437884290009,0.1429891132372364,0.2879471559237813,0.4083199424099789
nc05_zumi:TACGCTGCCTCCTTACx,7.848197,6.649202,dNC_hoxa2b,0.1410966953273761,0.1612299382291324,0.2979950116562856,0.3996783547872022
nc05_zumi:TAGCGCTCCTCCTTACx,6.7086854,9.623599,dNC_nohox,0.1584000475142795,0.1432343709882808,0.2847140356533927,0.4136515458440445
nc05_zumi:TAGGCATGAGGCTTAGx,6.7283015,10.812706,dNC_nohox,0.1643679828554637,0.1435505200489593,0.2786538306954955,0.4134276664000793
nc05_zumi:TCGACGTCTATGCAGTx,10.167776,5.8448105,dNC_hox34,0.0632381853340218,0.0872497361560752,0.6094005817998946,0.2401114967100032
nc05_zumi:TGCAGCTACTTAATAGx,8.568244,8.540775,NPB_nohox,0.1590461993122871,0.1431570103960802,0.2827820081768502,0.41501478211478
nc06_zumi:AAGAGGCAAGCTAGAAx,7.305539,3.854685,mNC_hox34,0.0012901277676075,0.0117234276598485,0.979065757682783,0.0079206868897605
nc06_zumi:AAGAGGCAAGGCTTAGx,4.362379,3.4236987,mNC_arch1,0.1568333970791134,0.8300274657768065,0.0080403895847398,0.0050987475593399
nc06_zumi:AAGAGGCAATAGCCTTx,1.9073253,0.35896626,mNC_head_mesenchymal,1.0,0.0,0.0,0.0
nc06_zumi:AAGAGGCATATGCAGTx,4.1712,6.0426564,mNC_vagal,0.0440204626438794,0.0696147156353019,0.2558771940123316,0.6304876277084844
nc06_zumi:AAGAGGCATCGCATAAx,1.5107871,5.257029,Pigment,0.0029987940542762,0.0083122016755718,0.0034591627113689,0.985229841558783
nc06_zumi:AAGAGGCATCTTACGCx,-1.875046,6.019424,Pigment,0.0,0.0,0.0,1.0
nc06_zumi:ACTCGCTAAGAGGATAx,2.7868488,6.706788,mNC_vagal,0.0374173051686651,0.0593944343795884,0.15059417292022,0.7525940875315235
nc06_zumi:ACTCGCTAAGCTAGAAx,6.991239,3.9882565,mNC_hox34,0.0,0.0,1.0,0.0
nc06_zumi:ACTCGCTAAGGCTTAGx,2.4377367,-0.407918,mNC_head_mesenchymal,0.9999237330484172,7.554991625722407e-05,3.931971604504018e-07,3.238381650956352e-07
nc06_zumi:ACTCGCTAATAGCCTTx,5.364355,1.91189,mNC_arch2,0.0,1.0,0.0,0.0
nc06_zumi:ACTCGCTATATGCAGTx,3.4603558,7.5909047,mNC_vagal,0.0522559649310846,0.0736854281344721,0.190301979990294,0.6837566269441447
nc06_zumi:ACTCGCTATCGCATAAx,3.764228,6.8510575,mNC_vagal,0.0497264347373061,0.0718671073039097,0.1866617585522927,0.6917446994064878
nc06_zumi:AGGCAGAAAGAGGATAx,3.2575557,6.584631,mNC_vagal,0.0446651808101844,0.0653249583607167,0.1645957783932824,0.7254140824358127
nc06_zumi:AGGCAGAAAGGCTTAGx,5.410753e-05,6.260374,mNC_vagal,2.307502641044011e-07,3.95302411362141e-07,7.913447965311968e-07,0.999998582602528
nc06_zumi:AGGCAGAAATAGCCTTx,4.784711,3.411874,mNC_arch2,0.0559184871041307,0.9043464475896082,0.0257852961116316,0.0139497691946289
nc06_zumi:AGGCAGAACGGAGAGAx,6.2453847,4.267542,mNC_vagal,0.0405020963165722,0.1791334805503653,0.661694445516316,0.1186699776167462
nc06_zumi:AGGCAGAATATGCAGTx,0.26601776,6.2930355,mNC_vagal,1.009401149857721e-06,2.033502001462417e-06,2.0715268321119167e-06,0.9999948855700164
nc06_zumi:AGGCAGAATCGCATAAx,2.6477194,6.2819033,mNC_vagal,0.0093102592981581,0.0171405594808219,0.0389935753306937,0.9345556058903256
nc06_zumi:AGGCAGAATCTTACGCx,-1.6429139,6.127842,Pigment,0.0,0.0,0.0,1.0
nc06_zumi:CCTAAGACAGAGGATAx,4.000108,2.5838873,mNC_arch1,0.1195542175049745,0.8751681481675845,0.0037501146847705,0.0015275196426704
nc06_zumi:CCTAAGACAGCTAGAAx,2.1542814,0.029147727,mNC_head_mesenchymal,1.0,0.0,0.0,0.0
nc06_zumi:CCTAAGACAGGCTTAGx,6.7608304,3.539138,mNC_hox34,0.0025498625855702,0.0139122344638356,0.974582452808164,0.0089554501424297
nc06_zumi:CCTAAGACATAGCCTTx,3.5344484,0.97188693,mNC_head_mesenchymal,0.986418924875516,0.0135540348977859,1.7225216005099934e-05,9.81501069301198e-06
nc06_zumi:CCTAAGACCGGAGAGAx,2.4917476,3.3065867,mNC_nohox,0.9597141367393968,0.0345588004678719,0.0019495023230605,0.0037775604696705
nc06_zumi:CCTAAGACTATGCAGTx,3.4893646,0.32088116,mNC_head_mesenchymal,0.9998529086971504,0.0001465969452273,2.477753669507694e-07,2.465822555133673e-07
nc06_zumi:CGATCAGTAGCTAGAAx,7.994015,9.563993,NPB_nohox,0.1519995408845826,0.1402448604484959,0.2861160058398566,0.4216395928270625
nc06_zumi:CTCTCTACAGAGGATAx,3.487614,7.9455047,mNC_vagal,0.0524536568833417,0.073514350862598,0.1904871633464879,0.6835448289075678
nc06_zumi:CTCTCTACAGCTAGAAx,3.3448362,7.2245917,mNC_vagal,0.0467996672248797,0.0739498118943274,0.1756843285770929,0.7035661923036964
nc06_zumi:CTCTCTACATAGCCTTx,3.904396,6.1630936,mNC_vagal,0.047208968956241,0.0860567574592603,0.1759872778097221,0.6907469957747734
nc06_zumi:CTCTCTACCGGAGAGAx,3.51838,7.3440185,mNC_vagal,0.0519327676718141,0.0729112390363478,0.189568653382457,0.6855873399093768
nc06_zumi:CTCTCTACTATGCAGTx,3.7926521,8.007033,NC_trunk,0.0524591144770643,0.0732794687974429,0.1905094818660021,0.6837519348594859
nc06_zumi:CTCTCTACTCGCATAAx,1.4229896,5.769517,Pigment,0.0006957377088369,0.0016326318451748,0.0010578366421779,0.99661379380381
nc06_zumi:CTCTCTACTCTTACGCx,3.2898076,0.44420725,mNC_head_mesenchymal,0.9998370513222212,0.0001624482189414,2.2873392419796839e-07,2.717249130602099e-07
nc06_zumi:GCGTAGTAAGAGGATAx,2.7188091,1.4364213,mNC_head_mesenchymal,0.999925892025284,6.950971895582923e-05,1.5197302433297111e-06,3.0785255172325245e-06
nc06_zumi:GCGTAGTAAGCTAGAAx,2.9856985,7.0627384,mNC_vagal,0.0340062331949458,0.0530906970372124,0.1510780619625328,0.7618250078053067
nc06_zumi:GCGTAGTAAGGCTTAGx,2.8518012,6.7795362,mNC_vagal,0.0073093716521152,0.0122914327860042,0.0633100518327895,0.9170891437290905
nc06_zumi:GCGTAGTAATAGCCTTx,-1.7446208,6.8761697,Pigment,0.0,0.0,0.0,1.0
nc06_zumi:GCGTAGTACGGAGAGAx,6.8005266,3.536195,mNC_hox34,0.0043274294338664,0.0193181906352375,0.9560831012541732,0.0202712786767228
nc06_zumi:GCGTAGTATATGCAGTx,7.8996572,4.1689243,mNC_hox34,0.0,0.0,1.0,0.0
nc06_zumi:GCGTAGTATCGCATAAx,5.571125,2.9630072,mNC_arch2,0.0548625065715387,0.9328233515531984,0.0072084063577413,0.0051057355175214
nc06_zumi:GCGTAGTATCTTACGCx,5.2616806,3.5895357,mNC_arch2,0.0511756235560276,0.9275570630570802,0.0134405264481426,0.0078267869387497
nc06_zumi:GCTCATGAAGAGGATAx,0.9738798,6.095587,mNC_vagal,4.569678665736043e-06,8.032712855713324e-06,1.1171398878388204e-05,0.9999762262096002
nc06_zumi:GCTCATGAAGCTAGAAx,4.67824,5.4075117,mNC_vagal,0.0561646158988238,0.1639332776479536,0.2303352078238506,0.5495668986293695
nc06_zumi:GCTCATGAATAGCCTTx,6.4511313,4.141333,mNC_hox34,0.0072776548001868,0.0230597520531751,0.8694540773613652,0.1002085157852726
nc06_zumi:GCTCATGACGGAGAGAx,2.3544776,0.9444438,mNC_head_mesenchymal,1.0,0.0,0.0,0.0
nc06_zumi:GCTCATGATATGCAGTx,3.8848279,3.8096569,Pigment,0.3795496852760283,0.438150695829661,0.0591085548633193,0.1231910640309912
nc06_zumi:GCTCATGATCGCATAAx,1.8389332,6.8244896,mNC_vagal,0.0016203892620629,0.0027694892322876,0.0112758208864561,0.9843343006191928
nc06_zumi:GCTCATGATCTTACGCx,5.4192367,1.9562621,mNC_arch2,0.0,1.0,0.0,0.0
nc06_zumi:GGACTCCTAGAGGATAx,4.4034986,2.462367,mNC_arch1,0.0815672267982267,0.9144759748671416,0.0034500984458025,0.000506699888829
nc06_zumi:GGACTCCTAGCTAGAAx,4.048382,2.7214088,mNC_arch1,0.1530693414532371,0.8416466185303186,0.0027231004625113,0.0025609395539333
nc06_zumi:GGACTCCTAGGCTTAGx,7.9802465,3.872386,mNC_hox34,0.0,0.0,1.0,0.0
nc06_zumi:GGACTCCTATAGCCTTx,6.20825,3.6508236,mNC_vagal,0.0164360873328335,0.0653333015716574,0.7662985168908953,0.1519320942046135
nc06_zumi:GGACTCCTCGGAGAGAx,7.5903497,3.80206,mNC_hox34,0.0,0.0,1.0,0.0
nc06_zumi:GGACTCCTTATGCAGTx,8.487639,3.8535504,mNC_hox34,0.0,0.0,1.0,0.0
nc06_zumi:GGACTCCTTCGCATAAx,3.3318193,0.69153714,mNC_head_mesenchymal,0.9998402637230052,0.0001582162770333,6.112064365947804e-07,9.087935246178144e-07
nc06_zumi:GGACTCCTTCTTACGCx,1.695896,5.4104576,Pigment,0.0055656047906688,0.0138563204926299,0.0055995055170491,0.974978569199652
nc06_zumi:GGAGCTACATAGCCTTx,8.792329,8.461177,NPB_nohox,0.1580048614465645,0.1438810285626269,0.2837073011940517,0.4144068087967544
nc06_zumi:TAAGGCGAAGAGGATAx,8.261419,3.9558392,mNC_hox34,0.0,0.0,1.0,0.0
nc06_zumi:TAAGGCGAAGCTAGAAx,3.934622,8.012094,mNC_vagal,0.0525501068507522,0.0735659197748086,0.1908149355904221,0.6830690377840128
nc06_zumi:TAAGGCGAAGGCTTAGx,5.14004,1.3030581,mNC_arch1,0.0,1.0,0.0,0.0
nc06_zumi:TAAGGCGAATAGCCTTx,5.480926,2.2979667,mNC_arch2,0.0,1.0,0.0,0.0
nc06_zumi:TAAGGCGATATGCAGTx,7.211767,3.7250996,mNC_hox34,0.0,0.0,1.0,0.0
nc06_zumi:TACGCTGCAGAGGATAx,4.0453334,3.5554798,mNC_arch1,0.2464759150650438,0.7297805709003872,0.0135403301425993,0.0102031838919694
nc06_zumi:TACGCTGCAGCTAGAAx,4.5622964,2.281697,mNC_arch1,0.0,1.0,0.0,0.0
nc06_zumi:TACGCTGCTCTTACGCx,2.7644827,7.243882,mNC_vagal,0.0454915398131472,0.0656588204504506,0.1766361100081321,0.7122135297282662
nc06_zumi:TAGCGCTCAGCTAGAAx,5.0152183,3.24359,mNC_arch2,0.032540216226518,0.7665800850173126,0.1888507932955096,0.0120289054606595
nc06_zumi:TAGCGCTCAGGCTTAGx,3.1101243,7.3024044,mNC_vagal,0.0502757974682504,0.0709791105836681,0.1840168512984054,0.694728240649672
nc06_zumi:TAGCGCTCTATGCAGTx,2.9865289,-0.24680898,mNC_head_mesenchymal,0.9999518638467408,4.780481901494653e-05,1.4837224828636937e-07,1.8296199586514521e-07
nc06_zumi:TGCAGCTAAGAGGATAx,5.4834137,3.6121347,mNC_arch2,0.0802728194409181,0.8577447276375878,0.0522406025900881,0.0097418503314058
nc06_zumi:TGCAGCTAAGCTAGAAx,2.865122,2.4291682,mNC_arch1,0.9541700882944996,0.0450460272295501,0.0004555829943994,0.0003283014815505
nc06_zumi:TGCAGCTAAGGCTTAGx,2.0532343,1.3796092,mNC_head_mesenchymal,0.9999061654254352,8.46005693014863e-05,3.755042960241664e-06,5.478962302965327e-06
nc06_zumi:TGCAGCTAATAGCCTTx,2.684173,1.1656766,mNC_head_mesenchymal,0.9997316908415286,0.0002611903285464,2.7006282483018508e-06,4.418201676822435e-06
nc06_zumi:TGCAGCTACGGAGAGAx,7.3243685,4.1006904,mNC_hox34,0.001892105597847,0.0137246378135786,0.9802461686294888,0.0041370879590857
nc06_zumi:TGCAGCTATATGCAGTx,3.4162896,6.947674,mNC_vagal,0.0427474620483832,0.0613760673201539,0.1717160786186601,0.7241603920127997
nc06_zumi:TGCAGCTATCTTACGCx,6.8538074,3.6019173,mNC_hox34,0.0014243408347788,0.0060514197905923,0.9854561629842952,0.0070680763903332
nc07_zumi:AAGAGGCATAAGGCTCx,6.3502107,10.453507,dNC_nohox,0.1641582301345877,0.14378876971779,0.2787358849554385,0.4133171151921815
nc07_zumi:ACTCGCTACTAGTCGAx,5.8122125,9.07846,dNC_nohox,0.1613013499317637,0.1450107715652401,0.2799835993699336,0.41370427913306
nc07_zumi:ACTGAGCGACTCTAGGx,6.9023347,9.619599,dNC_nohox,0.1569990426037171,0.1421326629545685,0.2842883582793828,0.416579936162329
nc07_zumi:ATGCGCAGTAAGGCTCx,6.7035236,10.470843,dNC_nohox,0.1637773807824213,0.1436389863170525,0.2787185135678,0.4138651193327241
nc07_zumi:CCTAAGACCTAGTCGAx,6.6810594,7.305584,dNC_hoxa2b,0.1445792159815611,0.1684848339797141,0.2970177545171972,0.3899181955215246
nc07_zumi:CGAGGCTGATTAGACGx,7.4474764,9.244163,NPB_nohox,0.1517260612817256,0.1401948162567631,0.2862050766173544,0.4218740458441541
nc07_zumi:CGAGGCTGTACTCCTTx,7.3205676,8.613917,dNC_nohox,0.1552960221842539,0.1417885163579599,0.2846875537382492,0.4182279077195344
nc07_zumi:CGATCAGTCTAGTCGAx,6.8415694,9.883458,dNC_nohox,0.1634440615491139,0.1437166550874103,0.2793501395052448,0.4134891438582284
nc07_zumi:CGATCAGTCTCCTTACx,7.457282,6.620926,dNC_hoxa2b,0.1410845089952284,0.1619477059914964,0.2975553883878654,0.3994123966254062
nc07_zumi:CGATCAGTTACTCCTTx,7.254718,9.601385,NPB_nohox,0.1558830830023803,0.1419517369525897,0.2867751802206794,0.4153899998243479
nc07_zumi:CGGAGCCTATTAGACGx,7.017021,10.161346,dNC_nohox,0.1616978515111824,0.1431372293778149,0.2806083180921024,0.4145566010188976
nc07_zumi:CGTACTAGACTCTAGGx,8.0019245,8.730014,dNC_nohox,0.1597608111886483,0.1436494029651634,0.2816263733284234,0.4149634125177624
nc07_zumi:CGTACTAGCTAGTCGAx,6.6495647,8.530457,dNC_nohox,0.160326867441378,0.1450632515514176,0.2798659967942242,0.4147438842129775
nc07_zumi:CGTACTAGCTCCTTACx,8.544591,8.089242,dNC_hoxa2b,0.1501658358430302,0.1497756328908794,0.2912628322707394,0.4087956989953482
nc07_zumi:CGTACTAGTACTCCTTx,6.951907,10.637166,dNC_nohox,0.16247790574983,0.1432653879702758,0.2794544267182856,0.4148022795616062
nc07_zumi:CTCTCTACACTCTAGGx,8.801864,6.625667,dNC_hox34,0.0687198284318824,0.090963603465331,0.5601797556713617,0.2801368124314203
nc07_zumi:CTCTCTACCTAGTCGAx,8.4211235,6.843098,dNC_hox34,0.0726883788025008,0.0933042177731296,0.5194995470821253,0.31450785634224
nc07_zumi:GCGTAGTATAAGGCTCx,6.0761857,8.826978,dNC_nohox,0.1629534478081296,0.1493983558480136,0.2801324070530117,0.4075157892908428
nc07_zumi:GCTCATGACTAGTCGAx,7.2898808,11.097162,NPB_nohox,0.1605208596125076,0.1427158938955457,0.2809440373702798,0.4158192091216643
nc07_zumi:GGACTCCTACTCTAGGx,5.847223,9.133796,dNC_nohox,0.1685893122214988,0.1457498089486667,0.2771340336206332,0.4085268452091987
nc07_zumi:GGACTCCTCTCCTTACx,5.524041,9.496519,dNC_nohox,0.1688954531885295,0.1471865524507042,0.2765421880847375,0.4073758062760267
nc07_zumi:GGAGCTACATTAGACGx,7.444081,10.465996,NPB_nohox,0.1598748614293832,0.1426528783177922,0.2817629389777075,0.415709321275115
nc07_zumi:GTAGAGGAATTAGACGx,8.169879,8.8211,dNC_nohox,0.1604265252661312,0.143279233467361,0.2814101770276101,0.414884064238895
nc07_zumi:GTAGAGGACTCCTTACx,7.745749,6.9167795,dNC_hoxa2b,0.1414233175059225,0.1614986709129276,0.2973708953897785,0.3997071161913683
nc07_zumi:GTAGAGGATAAGGCTCx,7.368215,9.006727,NPB_nohox,0.1544683149802506,0.1416552380449992,0.2900115995477261,0.4138648474270217
nc07_zumi:GTAGAGGATACTCCTTx,7.3940325,6.361699,dNC_hoxa2b,0.1400116042895831,0.1666404573216242,0.2975873841717317,0.3957605542170576
nc07_zumi:TAAGGCGAATAGAGAGx,6.1126666,9.483401,dNC_nohox,0.1624173903770511,0.1438754510591638,0.2804104606160909,0.4132966979476913
nc07_zumi:TACGCTGCCTTAATAGx,7.1962404,6.87095,dNC_hoxa2b,0.1405341708793998,0.1657156666262127,0.2969584608832977,0.3967917016110862
nc07_zumi:TAGCGCTCACTCTAGGx,9.31104,6.378566,dNC_hox34,0.0634644035152707,0.087402765741246,0.6082718543749622,0.2408609763685162
nc07_zumi:TAGCGCTCATAGAGAGx,6.8909993,11.132388,NPB_nohox,0.1615291545516751,0.1428773885753789,0.2802760800710774,0.4153173768018665
nc07_zumi:TAGCGCTCATTAGACGx,5.8992352,10.142217,dNC_nohox,0.1736834186803674,0.1443132820113951,0.274278543041376,0.4077247562668589
nc07_zumi:TAGGCATGATAGAGAGx,7.8778505,9.49203,NPB_nohox,0.1599549751879606,0.1427680249841438,0.2813333105974404,0.4159436892304528
nc07_zumi:TAGGCATGCTAGTCGAx,6.9439774,8.793474,dNC_nohox,0.1576748732717697,0.1426691580585151,0.2823340805093831,0.4173218881603295
nc07_zumi:TAGGCATGCTCCTTACx,8.230147,8.404112,NPB_nohox,0.1547819162161368,0.1412920496752772,0.2826041437586271,0.4213218903499562
nc07_zumi:TAGGCATGCTTAATAGx,7.601973,9.287346,NPB_nohox,0.1528961310921416,0.1408585331309656,0.2854449436300847,0.4208003921468055
nc07_zumi:TAGGCATGTACTCCTTx,6.2790356,8.646373,dNC_nohox,0.168069814312896,0.1479489088340081,0.2747948721990036,0.4091864046540897
nc07_zumi:TCCTGAGCATAGAGAGx,6.4962234,9.220429,dNC_nohox,0.1638507092441819,0.144997586912508,0.2779951695777431,0.4131565342655642
nc07_zumi:TCCTGAGCATTAGACGx,8.218417,8.020257,dNC_hoxa2b,0.1534704950193294,0.1475817237362676,0.2878404266203046,0.4111073546240956
nc07_zumi:TCCTGAGCCTTAATAGx,7.130447,9.132223,NPB_nohox,0.1577398922245317,0.1427469068403263,0.2817164178368487,0.4177967830982906
nc07_zumi:TCCTGAGCTACTCCTTx,7.8930545,9.306512,NPB_nohox,0.1535887730990005,0.1410868067942508,0.2858497511236593,0.4194746689830866
nc07_zumi:TGCAGCTAATTAGACGx,6.469724,10.934448,dNC_nohox,0.1639792837826328,0.1436032405175468,0.2786847478313943,0.4137327278684238
nc07_zumi:TGCAGCTATACTCCTTx,7.4419465,7.267857,dNC_hoxa2b,0.1409141564443974,0.1590448626661914,0.2984973653088401,0.4015436155805674
nc08_zumi:ACTGAGCGACTCTAGGx,6.101154,4.5165105,mNC_vagal,0.0425981634113128,0.1045475680256253,0.5938704516011276,0.2589838169619334
nc08_zumi:ACTGAGCGAGAGGATAx,7.026668,4.020414,mNC_hox34,0.0012917905463443,0.0064797158642677,0.9833508101163582,0.0088776834730297
nc08_zumi:ACTGAGCGAGCTAGAAx,4.832852,2.1240585,mNC_arch2,0.0,1.0,0.0,0.0
nc08_zumi:ACTGAGCGAGGCTTAGx,2.6354237,2.1559086,mNC_head_mesenchymal,0.9970558705581009,0.002776776751614,5.827726189452277e-05,0.0001090754283909
nc08_zumi:ACTGAGCGATAGAGAGx,1.7720706,5.278143,Pigment,0.0094678135576477,0.0141172304915426,0.0063394512557087,0.9700755046951008
nc08_zumi:ACTGAGCGATTAGACGx,4.211276,6.8821034,NPB_hox3,0.0622453404849508,0.0816561976403698,0.2311146736545746,0.6249837882201009
nc08_zumi:ACTGAGCGCGGAGAGAx,3.394555,8.097908,NC_trunk,0.0522377812820299,0.0732433427674458,0.1908377862470746,0.6836810897034453
nc08_zumi:ACTGAGCGCTAGTCGAx,4.338058,7.278164,NPB_hox3,0.0528986900071374,0.0737367109790962,0.192954050164391,0.6804105488493711
nc08_zumi:ACTGAGCGCTCCTTACx,9.481853,5.949314,dNC_hox34,0.063029058636351,0.0870747403012568,0.6106264063470462,0.2392697947153412
nc08_zumi:ACTGAGCGCTTAATAGx,4.7984004,5.4966855,mNC_vagal,0.0665929544641698,0.0900344615154725,0.3516688257625187,0.4917037582578364
nc08_zumi:ACTGAGCGTAAGGCTCx,6.347484,4.427276,mNC_vagal,0.024781710396064,0.043916444012503,0.7883398411532426,0.1429620044381896
nc08_zumi:ACTGAGCGTACTCCTTx,3.0068207,5.435737,mNC_nohox,0.0365868862655152,0.1000911838122284,0.0340687487619358,0.8292531811603201
nc08_zumi:ACTGAGCGTATGCAGTx,1.660254,5.581167,Pigment,0.0063315816955148,0.0091569183609782,0.0071910159009719,0.9773204840425352
nc08_zumi:ACTGAGCGTCGCATAAx,3.61218,8.17782,NC_trunk,0.0524666970136498,0.0734818794676403,0.1904066944282336,0.6836447290904717
nc08_zumi:ACTGAGCGTCTTACGCx,3.0861428,2.9950345,mNC_nohox,0.9317418033899414,0.0577293507757095,0.0036996595547558,0.0068291862795932
nc08_zumi:ATCTCAGGACTCTAGGx,6.270749,4.5830345,mNC_vagal,0.0472355495264909,0.1547421711209949,0.6598886497099498,0.1381336296425637
nc08_zumi:ATCTCAGGAGAGGATAx,4.9961386,1.4495878,mNC_arch1,0.0,1.0,0.0,0.0
nc08_zumi:ATCTCAGGAGCTAGAAx,8.0938015,3.7641764,mNC_hox34,0.0,0.0,1.0,0.0
nc08_zumi:ATCTCAGGAGGCTTAGx,3.6318078,2.0980415,mNC_arch1,0.7025242977504144,0.2951626683690921,0.0013722839533283,0.0009407499271651
nc08_zumi:ATCTCAGGATAGAGAGx,2.8260496,5.3723307,mNC_nohox,0.0766073592893978,0.1191524634831705,0.0350338525968157,0.7692063246306157
nc08_zumi:ATCTCAGGATAGCCTTx,3.1133022,6.16467,mNC_vagal,0.0254936309690112,0.0460793735875401,0.0868681699941346,0.8415588254493126
nc08_zumi:ATCTCAGGATTAGACGx,4.264429,7.5970387,NC_trunk,0.0526871555034477,0.0736620568593816,0.1918891586035783,0.6817616290335882
nc08_zumi:ATCTCAGGCGGAGAGAx,2.1157172,1.1219043,mNC_head_mesenchymal,1.0,0.0,0.0,0.0
nc08_zumi:ATCTCAGGTACTCCTTx,3.0284772,5.2244706,mNC_nohox,0.0265064417383787,0.0683231856978449,0.0251227781717408,0.8800475943920351
nc08_zumi:ATCTCAGGTATGCAGTx,2.453714,0.3049767,mNC_head_mesenchymal,1.0,0.0,0.0,0.0
nc08_zumi:ATCTCAGGTCGCATAAx,2.2906644,1.5304106,mNC_head_mesenchymal,0.999894100589386,9.717404753176811e-05,3.1056655281167542e-06,5.619697554088421e-06
nc08_zumi:ATGCGCAGAGCTAGAAx,2.5130794,-0.31167227,mNC_head_mesenchymal,0.999978679434789,2.1244869699589264e-05,3.8702705891445275e-08,3.699280536319201e-08
nc08_zumi:ATGCGCAGATTAGACGx,6.1760178,11.122728,dNC_nohox,0.1646149920047234,0.1438844819143592,0.2774002242768177,0.4141003018040973
nc08_zumi:ATGCGCAGCTCCTTACx,2.3790376,3.1994658,mNC_nohox,0.9126526907800578,0.0695319147291644,0.0058584506401026,0.0119569438506751
nc08_zumi:ATGCGCAGCTTAATAGx,2.4352808,5.1266346,mNC_nohox,0.0545279283036387,0.1050802133114889,0.036891539683395,0.8035003187014769
nc08_zumi:ATGCGCAGTAAGGCTCx,9.914206,5.875583,dNC_hox34,0.0632380743248234,0.087249621983493,0.6094012398410602,0.2401110638506184
nc08_zumi:ATGCGCAGTACTCCTTx,5.457117,4.986006,mNC_vagal,0.030191095244717,0.0501199380543784,0.7924974328480238,0.1271915338528798
nc08_zumi:ATGCGCAGTATGCAGTx,1.9721457,5.1924453,Pigment,0.0145632261995677,0.0423258808995008,0.0141349676311348,0.9289759252697966
nc08_zumi:ATGCGCAGTCGCATAAx,4.2410464,4.0410604,mNC_nohox,0.2118269091046276,0.5442655190161347,0.0935944990614153,0.1503130728178218
nc08_zumi:ATGCGCAGTCTTACGCx,3.6569922,7.713533,mNC_vagal,0.0524330831942489,0.0734544332490214,0.1905293627028068,0.6835831208539184
nc08_zumi:CGAGGCTGAGAGGATAx,5.0744205,2.3041773,mNC_arch2,0.0,1.0,0.0,0.0
nc08_zumi:CGAGGCTGAGCTAGAAx,4.838637,2.2687879,mNC_arch2,0.0,1.0,0.0,0.0
nc08_zumi:CGAGGCTGAGGCTTAGx,3.2360303,7.2843685,mNC_vagal,0.051632378823879,0.072626848269759,0.1885440228365534,0.6871967500698043
nc08_zumi:CGAGGCTGATAGCCTTx,2.0227427,5.3024826,Pigment,0.0210534116570962,0.0263957651246332,0.0104348670144769,0.942115956203794
nc08_zumi:CGAGGCTGCGGAGAGAx,4.674539,4.7294927,mNC_arch2,0.111336138137713,0.5977288737787606,0.1419498042026748,0.148985183880851
nc08_zumi:CGAGGCTGCTAGTCGAx,2.2641885,3.013177,mNC_nohox,0.9324474025175744,0.055237042316806,0.00391688511992,0.0083986700456996
nc08_zumi:CGAGGCTGCTTAATAGx,2.3753958,3.9734228,mNC_nohox,0.7358292859157717,0.1743707899475304,0.0227601657856928,0.0670397583510051
nc08_zumi:CGAGGCTGTAAGGCTCx,6.339741,5.991732,mNC_arch2,0.124342584452972,0.432295840927476,0.2024537006636426,0.2409078739559078
nc08_zumi:CGAGGCTGTCGCATAAx,4.595652,4.2850657,mNC_nohox,0.1597138806576658,0.5224021447182552,0.1140469493660756,0.2038370252580028
nc08_zumi:CGAGGCTGTCTTACGCx,-1.7984976,6.1933017,Pigment,0.0,0.0,0.0,1.0
nc08_zumi:CGATCAGTACTCTAGGx,9.913089,5.8033333,dNC_hox34,0.0630387263792967,0.0869860087744404,0.6105770057819464,0.2393982590643116
nc08_zumi:CGATCAGTAGAGGATAx,-0.45529407,6.3833594,Pigment,3.12405796886918e-08,5.8912138339810384e-08,1.645718270368932e-07,0.9999997452754552
nc08_zumi:CGATCAGTATAGAGAGx,3.2720597,4.648904,mNC_nohox,0.4529481819286661,0.2645667302617331,0.0822465952383574,0.2002384925712432
nc08_zumi:CGATCAGTATAGCCTTx,8.365558,4.6114864,mNC_hox34,0.0036097211406133,0.0174551029931304,0.9729760792445716,0.0059590966216841
nc08_zumi:CGATCAGTATTAGACGx,4.6704454,6.327814,mNC_vagal,0.0597956264290114,0.0818002820227825,0.2338365459601677,0.6245675455880345
nc08_zumi:CGATCAGTCTAGTCGAx,3.2986922,4.5294895,mNC_nohox,0.3173733394173137,0.3866884984648916,0.1027732215551487,0.1931649405626459
nc08_zumi:CGATCAGTCTTAATAGx,6.1278386,6.2149577,mNC_arch2,0.125316426813491,0.3593422455208088,0.2448558740239708,0.2704854536417272
nc08_zumi:CGATCAGTTATGCAGTx,4.381427,5.643479,mNC_vagal,0.0298163969520987,0.0652213091989013,0.5386766630653765,0.366285630783622
nc08_zumi:CGGAGCCTACTCTAGGx,3.7458434,5.204583,mNC_nohox,0.1609219941040071,0.4014563831094503,0.0800523549403469,0.3575692678461949
nc08_zumi:CGGAGCCTAGAGGATAx,5.2288265,1.3326622,mNC_arch2,0.0,1.0,0.0,0.0
nc08_zumi:CGGAGCCTAGCTAGAAx,2.8476763,6.2036867,mNC_vagal,0.0096905170912088,0.0178823983233691,0.0534072924023864,0.9190197921830352
nc08_zumi:CGGAGCCTAGGCTTAGx,-0.65692556,6.510329,Pigment,7.962103893440764e-08,1.762110772466662e-07,1.6289835844135166e-07,0.9999995812695256
nc08_zumi:CGGAGCCTATAGCCTTx,7.8178015,3.2146182,mNC_hox34,0.0,0.0,1.0,0.0
nc08_zumi:CGGAGCCTATTAGACGx,5.883361,4.645367,mNC_hox34,0.0324653457324531,0.0581012439144194,0.7762492917458812,0.1331841186072455
nc08_zumi:CGGAGCCTCTTAATAGx,6.6186213,5.3683867,mNC_arch2,0.1139695427703,0.4670663474615629,0.1863750327783419,0.2325890769897934
nc08_zumi:CGGAGCCTTACTCCTTx,3.3679001,4.721356,mNC_nohox,0.2600494116796988,0.569453200622394,0.065888817712872,0.1046085699850344
nc08_zumi:CGGAGCCTTCGCATAAx,3.778644,8.239421,NC_trunk,0.0532191130057789,0.0740204159429094,0.1916474942311626,0.6811129768201446
nc08_zumi:CGGAGCCTTCTTACGCx,2.8024178,0.06434151,mNC_head_mesenchymal,1.0,0.0,0.0,0.0
nc08_zumi:CGTACTAGACTCTAGGx,4.5757813,4.605034,mNC_nohox,0.1955910552930303,0.6021347042143856,0.0774023015877835,0.1248719389048001
nc08_zumi:CGTACTAGAGAGGATAx,2.7269516,1.2942096,mNC_head_mesenchymal,0.9995662878339872,0.0004263391712895,2.823082219282402e-06,4.549912504077973e-06
nc08_zumi:CGTACTAGAGGCTTAGx,2.6430879,2.7900958,mNC_nohox,0.8973357784472199,0.078860649803225,0.0080578791173267,0.0157456926322284
nc08_zumi:CGTACTAGATAGCCTTx,1.4832206,6.032504,Pigment,0.0003396847522484,0.0006126138406094,0.001249288299502,0.99779841310764
nc08_zumi:CGTACTAGATTAGACGx,8.338856,5.3857956,mNC_hox34,0.0619822261817367,0.1182848861656038,0.6131724734518177,0.206560414200838
nc08_zumi:CGTACTAGCTAGTCGAx,9.230132,5.5589137,dNC_hox34,0.0631210553282885,0.0872842201903264,0.6102703359655045,0.2393243885158755
nc08_zumi:CGTACTAGTACTCCTTx,9.789587,5.691549,dNC_hox34,0.0630293165230171,0.0870746850111333,0.6106243407969183,0.2392716576689265
nc08_zumi:CGTACTAGTATGCAGTx,4.1929436,4.8433323,mNC_arch1,0.0880758946989038,0.3632304627499619,0.0882336220374377,0.4604600205136957
nc08_zumi:CGTACTAGTCGCATAAx,5.3425627,4.0893703,mNC_arch2,0.0679580448870667,0.8574967006874324,0.0434214554075557,0.0311237990179446
nc08_zumi:CGTACTAGTCTTACGCx,2.167185,6.6835217,mNC_vagal,0.0065869868647134,0.0104722397397411,0.0358546240767843,0.947086149318761
nc08_zumi:GGAGCTACACTCTAGGx,3.5676825,4.5354657,mNC_nohox,0.2081375319601176,0.6357499774457337,0.0577074922669646,0.0984049983271839
nc08_zumi:GGAGCTACAGAGGATAx,-1.5991322,6.388475,Pigment,0.0,0.0,0.0,1.0
nc08_zumi:GGAGCTACAGCTAGAAx,-1.8637861,6.3553023,Pigment,0.0,0.0,0.0,1.0
nc08_zumi:GGAGCTACATAGCCTTx,5.3328495,3.7319689,mNC_arch2,0.0436970349627542,0.9076891001432764,0.0284099031353467,0.0202039617586226
nc08_zumi:GGAGCTACATTAGACGx,5.9391246,5.440524,mNC_arch2,0.0966319072852338,0.7514649650772027,0.0770603068555281,0.0748428207820344
nc08_zumi:GGAGCTACCGGAGAGAx,-1.2648288,6.844235,Pigment,0.0,0.0,0.0,1.0
nc08_zumi:GGAGCTACCTAGTCGAx,4.382231,7.0219994,NPB_hox3,0.0562172709656923,0.0767778981076473,0.2076852615304595,0.6593195693961968
nc08_zumi:GGAGCTACTCGCATAAx,2.9929132,1.7937872,mNC_head_mesenchymal,0.9951601985341963,0.0047447055883139,3.795123616576614e-05,5.714464132423888e-05
nc08_zumi:GGAGCTACTCTTACGCx,4.2647405,1.9938958,mNC_arch1,0.0949252398706347,0.9039882599190514,0.0006105107860191,0.0004759894242945
nc08_zumi:GTAGAGGAACTCTAGGx,4.402856,6.392808,mNC_vagal,0.0548460626212252,0.0769260715031929,0.2231204897260829,0.6451073761494952
nc08_zumi:GTAGAGGAAGAGGATAx,-1.1898235,6.3191023,Pigment,7.661408027574158e-08,1.8397521314757483e-07,8.778618042793565e-08,0.999999651624526
nc08_zumi:GTAGAGGAAGCTAGAAx,5.057252,1.900438,mNC_arch2,0.0,1.0,0.0,0.0
nc08_zumi:GTAGAGGAAGGCTTAGx,4.360721,3.619977,mNC_arch1,0.1489546630480489,0.7335325360026171,0.0632952564131555,0.0542175445361779
nc08_zumi:GTAGAGGAATAGCCTTx,4.8367224,1.055169,mNC_arch1,0.0,1.0,0.0,0.0
nc08_zumi:GTAGAGGACTCCTTACx,5.0950727,5.341592,mNC_vagal,0.0933603490873626,0.13571470021253,0.4959144659640291,0.2750104847360767
nc08_zumi:GTAGAGGACTTAATAGx,9.652616,5.6926236,dNC_hox34,0.0632409350416101,0.0872539719027641,0.6096354601617515,0.2398696328938692
nc08_zumi:GTAGAGGATAAGGCTCx,2.6468298,4.157184,mNC_nohox,0.4927816973430666,0.2396871188464421,0.0838098606526376,0.1837213231578532
nc08_zumi:GTAGAGGATACTCCTTx,2.3134053,3.8418465,mNC_nohox,0.7336725686046826,0.1497449198896599,0.0317175209164658,0.0848649905891915
nc08_zumi:GTAGAGGATCGCATAAx,3.3259966,7.7313995,mNC_vagal,0.0514913083690158,0.0722439758487926,0.1878100661432706,0.688454649638917
nc08_zumi:GTAGAGGATCTTACGCx,6.7695932,4.0325127,mNC_hox34,0.0022340346445991,0.0102172099625987,0.9704059231397756,0.0171428322530265
nc08_zumi:TAGGCATGAGAGGATAx,3.271715,7.381639,mNC_vagal,0.0517417389093534,0.0726692498712932,0.1893051909706731,0.6862838202486755
nc08_zumi:TAGGCATGAGCTAGAAx,2.8552625,-0.2106357,mNC_head_mesenchymal,0.9999257232355238,7.365210336650522e-05,3.232361629102492e-07,3.014249468391355e-07
nc08_zumi:TAGGCATGAGGCTTAGx,4.5039096,3.8969474,mNC_nohox,0.1799115241129528,0.747278463520999,0.033083499803402,0.0397265125626458
nc08_zumi:TAGGCATGATAGAGAGx,3.000268,4.962138,mNC_nohox,0.1508885126989326,0.1975955330437116,0.0568531746192422,0.5946627796381129
nc08_zumi:TAGGCATGATAGCCTTx,6.9373026,4.2447734,mNC_hox34,0.0048943867629612,0.0244696839722121,0.9314842295096796,0.0391516997551468
nc08_zumi:TAGGCATGATTAGACGx,5.737499,5.733681,mNC_arch2,0.113715828423872,0.4503317866637361,0.1873895706997783,0.248562814212612
nc08_zumi:TAGGCATGCGGAGAGAx,2.0069578,6.345864,mNC_vagal,0.0003008609862257,0.0005172924585415,0.0026157589570199,0.9965660875982132
nc08_zumi:TAGGCATGCTCCTTACx,6.2470493,5.4570394,mNC_arch2,0.120762327288538,0.5291870477587995,0.1608708476046323,0.189179777348029
nc08_zumi:TAGGCATGCTTAATAGx,5.623107,10.080395,dNC_nohox,0.188075095563554,0.1481462523651771,0.2659555268343875,0.3978231252368788
nc08_zumi:TAGGCATGTAAGGCTCx,3.2633448,5.212697,mNC_nohox,0.3075607053498002,0.1886367890272637,0.0945272779402976,0.4092752276826377
nc08_zumi:TAGGCATGTCGCATAAx,5.2061963,2.0111437,mNC_arch2,0.0,1.0,0.0,0.0
nc08_zumi:TAGGCATGTCTTACGCx,3.9863706,2.0832083,mNC_arch1,0.1834352882748845,0.8145400680543707,0.0011619829206302,0.0008626607501142
nc08_zumi:TCCTGAGCACTCTAGGx,2.2473795,2.7684731,mNC_nohox,0.9385741616972598,0.0508171783763182,0.0034232457170814,0.0071854142093404
nc08_zumi:TCCTGAGCAGAGGATAx,-1.9457666,6.138433,Pigment,0.0,0.0,0.0,1.0
nc08_zumi:TCCTGAGCAGCTAGAAx,1.9280614,1.0962497,mNC_head_mesenchymal,1.0,0.0,0.0,0.0
nc08_zumi:TCCTGAGCAGGCTTAGx,1.799735,0.62538606,mNC_head_mesenchymal,1.0,0.0,0.0,0.0
nc08_zumi:TCCTGAGCATAGAGAGx,6.432589,11.263524,dNC_nohox,0.1627873195533919,0.1433396652964962,0.2791625107875942,0.4147105043625153
nc08_zumi:TCCTGAGCATAGCCTTx,1.6526206,0.8323342,mNC_head_mesenchymal,1.0,0.0,0.0,0.0
nc08_zumi:TCCTGAGCATTAGACGx,2.4512968,2.788576,mNC_nohox,0.9310436982226956,0.0529883929114659,0.0053109241497313,0.0106569847161073
nc08_zumi:TCCTGAGCCGGAGAGAx,5.3326955,2.316549,mNC_arch2,0.0,1.0,0.0,0.0
nc08_zumi:TCCTGAGCCTAGTCGAx,2.6039824,5.469375,mNC_nohox,0.0248851363562633,0.04467147206088,0.0206957786094019,0.9097476129734547
nc08_zumi:TCCTGAGCCTCCTTACx,3.4113507,5.2506957,mNC_nohox,0.1331525774653962,0.1983593158347202,0.1012691475203706,0.5672189591795119
nc08_zumi:TCCTGAGCCTTAATAGx,5.707875,4.7785625,mNC_arch2,0.0894426826377588,0.7945054113022952,0.0699013511637037,0.046150554896242
nc08_zumi:TCCTGAGCTAAGGCTCx,3.8291397,3.833239,mNC_nohox,0.2397965698251544,0.6656143711639395,0.0444228301031267,0.0501662289077789
nc08_zumi:TCCTGAGCTACTCCTTx,4.7747846,5.8007956,mNC_vagal,0.0805268421444892,0.1166250497738174,0.2665648303719143,0.5362832777097762
nc08_zumi:TCCTGAGCTATGCAGTx,3.1434495,7.4736443,mNC_vagal,0.0509581505899961,0.0717014626898339,0.1859281412378236,0.6914122454823424
nc08_zumi:TCCTGAGCTCGCATAAx,2.5536075,0.8402761,mNC_head_mesenchymal,1.0,0.0,0.0,0.0
nc08_zumi:TCCTGAGCTCTTACGCx,3.246097,6.363114,mNC_vagal,0.0417316534283485,0.0689758329067808,0.1602957474599324,0.7289967662049354
nc08_zumi:TCGACGTCACTCTAGGx,9.560504,5.9094796,dNC_hox34,0.0629427657268767,0.0870040315958111,0.6111680592190679,0.2388851434582395
nc08_zumi:TCGACGTCAGAGGATAx,0.9447231,6.1942334,mNC_vagal,1.4587031087651916e-05,3.041656429895952e-05,2.082261829885474e-05,0.9999341737863146
nc08_zumi:TCGACGTCAGCTAGAAx,4.3561754,2.1190348,mNC_arch1,0.0774337548713564,0.9216456061303764,0.000575905073863,0.0003447339244038
nc08_zumi:TCGACGTCAGGCTTAGx,4.8266487,2.6008368,mNC_arch2,0.0,1.0,0.0,0.0
nc08_zumi:TCGACGTCATAGAGAGx,4.19635,7.750882,NPB_hox3,0.0527972031041478,0.0736418128525457,0.1915500704854221,0.68201091355788
nc08_zumi:TCGACGTCATAGCCTTx,0.6449775,6.0191913,mNC_vagal,7.5239455715193315e-06,1.4454959763552837e-05,2.377299438062997e-05,0.9999542481002844
nc08_zumi:TCGACGTCATTAGACGx,6.5102,5.994575,dNC_hoxa2b,0.1373966030174274,0.2000516804667951,0.2851270050282792,0.3774247114874953
nc08_zumi:TCGACGTCTACTCCTTx,3.9640317,6.525772,mNC_vagal,0.0529335265443666,0.0749749353691898,0.232224164069004,0.6398673740174358
nc08_zumi:TCGACGTCTATGCAGTx,3.3457918,6.916335,mNC_vagal,0.0501818563976013,0.0706116380113876,0.1851039316670814,0.6941025739239253
nc08_zumi:TCGACGTCTCTTACGCx,5.1140037,3.823076,mNC_arch2,0.064676739824625,0.856387815974123,0.0517431439443222,0.0271923002569296
