target,regulator,weight,jacobian,prior_supported,experimental_support,abs_weight
fli1a,elf1,-4.0059323,-8.765663,True,NOT_CHECKED,4.0059323
tcf12,hoxa9a,-3.8137221,-4.6774535,True,NOT_CHECKED,3.8137221
col15a1b,hoxa2b,-3.7124295,-0.6262334,True,NOT_CHECKED,3.7124295
tubb5,egr3,-3.389239,-3.6036587,True,NOT_CHECKED,3.389239
bach2b,bhlhe40,-3.239825,-14.2127285,True,NOT_CHECKED,3.239825
etv5b,mitfa,-3.2188,-5.823544,True,NOT_CHECKED,3.2188
sox9b,rxraa,-3.2091126,-4.8680916,True,NOT_CHECKED,3.2091126
hmmr,tfec,-3.0868752,-1.9426576,True,NOT_CHECKED,3.0868752
slc39a14,jun,-2.9940007,-1.5083839,True,NOT_CHECKED,2.9940007
tfap2e,tead3b,-2.97969,-2.8262217,True,NOT_CHECKED,2.97969
hpca,alx4a,-2.9518814,-2.0355735,True,NOT_CHECKED,2.9518814
col15a1b,nr2f6b,-2.9448016,-0.49674565,True,NOT_CHECKED,2.9448016
hspb1,jun,-2.9201238,-1.4747878,True,NOT_CHECKED,2.9201238
efna3b,sox9b,2.916845,3.2158887,True,NOT_CHECKED,2.916845
cdc14b,tfeb,-2.8861475,-3.7525046,True,NOT_CHECKED,2.8861475
CABZ01061591.1,tfap2a,-2.827641,-1.620677,True,NOT_CHECKED,2.827641
esm1,twist3,2.8217854,3.25809,True,NOT_CHECKED,2.8217854
hpcal4,elf1,-2.8048317,-2.8616374,True,NOT_CHECKED,2.8048317
shmt1,tfap2a,-2.7850041,-1.5918641,True,NOT_CHECKED,2.7850041
f11r.1,ebf1b,-2.7684379,-2.250638,True,NOT_CHECKED,2.7684379
elf1,fli1a,-2.7660353,-4.825843,True,NOT_CHECKED,2.7660353
cdh1,bach2b,-2.7639172,-1.9130278,True,NOT_CHECKED,2.7639172
kirrel3l,alx4a,-2.7638333,-4.465449,True,NOT_CHECKED,2.7638333
tmem110l,tead3b,-2.7608259,-2.171015,True,NOT_CHECKED,2.7608259
rgs2,zeb1b,-2.753148,-2.422782,True,NOT_CHECKED,2.753148
col4a6,rxraa,-2.7526104,-2.139914,True,NOT_CHECKED,2.7526104
bhlhe40,ebf3a,-2.7525954,-2.7896705,True,NOT_CHECKED,2.7525954
ctns,tfap2e,2.73795,2.4236825,True,NOT_CHECKED,2.73795
top2a,tfec,-2.7361403,-2.7249663,True,NOT_CHECKED,2.7361403
snai1a,tfap2a,-2.7185118,-2.5262077,True,NOT_CHECKED,2.7185118
dusp2,hoxb1a,2.7179315,1.1196022,True,NOT_CHECKED,2.7179315
cxxc4,tead1b,-2.7045286,-0.84788287,True,NOT_CHECKED,2.7045286
bicc1a,fli1a,-2.6898072,-3.0564394,True,NOT_CHECKED,2.6898072
nid2a,mitfa,-2.688187,-2.2317772,True,NOT_CHECKED,2.688187
egr2b,msx1b,-2.6800976,-2.8327458,True,NOT_CHECKED,2.6800976
cx43.4,mitfa,-2.6650243,-4.622384,True,NOT_CHECKED,2.6650243
col7a1l,nr2f6b,-2.6639726,-2.167369,True,NOT_CHECKED,2.6639726
afap1l1a,hnf1bb,2.6614048,1.7068502,True,NOT_CHECKED,2.6614048
tlcd2,tfap2a,-2.6590993,-1.7324598,True,NOT_CHECKED,2.6590993
tdh,bhlhe41,2.6476202,4.0939217,True,NOT_CHECKED,2.6476202
