regulator,target,weight_before,weight_after,abs_weight
elf1,fli1a,-4.0059323,0.0,4.0059323
elf1,hpcal4,-2.8048317,0.0,2.8048317
elf1,dusp5,-2.6289861,0.0,2.6289861
elf1,tuba8l4,-2.601309,0.0,2.601309
elf1,metrn,-2.5703294,0.0,2.5703294
elf1,inka1a,-2.4612787,0.0,2.4612787
elf1,pole,-2.4532769,0.0,2.4532769
elf1,cdk1,-2.4192736,0.0,2.4192736
elf1,pmp22a,-2.2673705,0.0,2.2673705
elf1,sema3d,-2.2511954,0.0,2.2511954
elf1,baz1b,-2.226799,0.0,2.226799
elf1,sipa1l2,-2.2127123,0.0,2.2127123
elf1,slit2,-2.2073874,0.0,2.2073874
elf1,dnmt1,-2.1745298,0.0,2.1745298
elf1,fzd3a,-2.1533613,0.0,2.1533613
elf1,si:ch73-335l21.1,-2.0930924,0.0,2.0930924
elf1,kntc1,-2.070302,0.0,2.070302
elf1,si:ch211-222l21.1,-2.010676,0.0,2.010676
elf1,vash2,1.9136585,0.0,1.9136585
elf1,sox6,-1.8942509,0.0,1.8942509
